ncm,capitulo,trayectoria,entrada,salida,descripcion_trayectoria
8401.10.00,84,G2,2022-10-04,2023-12-27,incorporada en octubre de 2022
8401.20.00,84,G2,2022-10-04,2023-12-27,incorporada en octubre de 2022
8401.40.00,84,G2,2022-10-04,2023-12-27,incorporada en octubre de 2022
8402.11.00,84,G1,2022-08-25,2023-12-27,bajo licencia desde agosto de 2022
8402.12.00,84,G1,2022-08-25,2023-12-27,bajo licencia desde agosto de 2022
8402.19.00,84,G1,2022-08-25,2023-12-27,bajo licencia desde agosto de 2022
8402.20.00,84,G2,2022-10-04,2023-12-27,incorporada en octubre de 2022
8402.90.00,84,G1,2022-08-25,2023-12-27,bajo licencia desde agosto de 2022
8403.10.90,84,G2,2022-10-04,2023-12-27,incorporada en octubre de 2022
8403.90.00,84,G2,2022-10-04,2023-12-27,incorporada en octubre de 2022
8404.10.10,84,G1,2022-08-25,2023-12-27,bajo licencia desde agosto de 2022
8404.10.20,84,G2,2022-10-04,2023-12-27,incorporada en octubre de 2022
8404.20.00,84,G2,2022-10-04,2023-12-27,incorporada en octubre de 2022
8404.90.10,84,G2,2022-10-04,2023-12-27,incorporada en octubre de 2022
8404.90.90,84,G2,2022-10-04,2023-12-27,incorporada en octubre de 2022
8405.10.00,84,G1,2022-08-25,2023-12-27,bajo licencia desde agosto de 2022
8405.90.00,84,G2,2022-10-04,2023-12-27,incorporada en octubre de 2022
8406.10.00,84,G2,2022-10-04,2023-12-27,incorporada en octubre de 2022
8406.81.00,84,G2,2022-10-04,2023-12-27,incorporada en octubre de 2022
8406.82.00,84,G2,2022-10-04,2023-12-27,incorporada en octubre de 2022
8406.90.11,84,G2,2022-10-04,2023-12-27,incorporada en octubre de 2022
8406.90.19,84,G2,2022-10-04,2023-12-27,incorporada en octubre de 2022
8406.90.21,84,G2,2022-10-04,2023-12-27,incorporada en octubre de 2022
8406.90.29,84,G2,2022-10-04,2023-12-27,incorporada en octubre de 2022
8406.90.90,84,G2,2022-10-04,2023-12-27,incorporada en octubre de 2022
8407.10.00,84,G2,2022-10-04,2023-12-27,incorporada en octubre de 2022
8407.21.10,84,G2,2022-10-04,2023-12-27,incorporada en octubre de 2022
8407.21.90,84,G2,2022-10-04,2023-12-27,incorporada en octubre de 2022
8407.29.10,84,G2,2022-10-04,2023-12-27,incorporada en octubre de 2022
8407.29.90,84,G2,2022-10-04,2023-12-27,incorporada en octubre de 2022
8407.90.00,84,G2,2022-10-04,2023-12-27,incorporada en octubre de 2022
8408.10.10,84,G2,2022-10-04,2023-12-27,incorporada en octubre de 2022
8408.10.90,84,G2,2022-10-04,2023-12-27,incorporada en octubre de 2022
8408.90.10,84,G2,2022-10-04,2023-12-27,incorporada en octubre de 2022
8408.90.90,84,G1,2022-08-25,2023-12-27,bajo licencia desde agosto de 2022
8409.10.00,84,G2,2022-10-04,2023-12-27,incorporada en octubre de 2022
8410.11.00,84,G2,2022-10-04,2023-12-27,incorporada en octubre de 2022
8410.12.00,84,G2,2022-10-04,2023-12-27,incorporada en octubre de 2022
8410.13.00,84,G2,2022-10-04,2023-12-27,incorporada en octubre de 2022
8410.90.00,84,G2,2022-10-04,2023-12-27,incorporada en octubre de 2022
8411.11.00,84,G2,2022-10-04,2023-12-27,incorporada en octubre de 2022
8411.12.00,84,G2,2022-10-04,2023-12-27,incorporada en octubre de 2022
8411.21.00,84,G2,2022-10-04,2023-12-27,incorporada en octubre de 2022
8411.22.00,84,G2,2022-10-04,2023-12-27,incorporada en octubre de 2022
8411.81.00,84,G2,2022-10-04,2023-12-27,incorporada en octubre de 2022
8411.82.00,84,G2,2022-10-04,2023-12-27,incorporada en octubre de 2022
8411.91.00,84,G2,2022-10-04,2023-12-27,incorporada en octubre de 2022
8411.99.00,84,G2,2022-10-04,2023-12-27,incorporada en octubre de 2022
8412.10.00,84,G2,2022-10-04,2023-12-27,incorporada en octubre de 2022
8412.21.10,84,G2,2022-10-04,2023-12-27,incorporada en octubre de 2022
8412.21.90,84,G1,2022-08-25,2023-12-27,bajo licencia desde agosto de 2022
8412.29.00,84,G2,2022-10-04,2023-12-27,incorporada en octubre de 2022
8412.31.10,84,G1,2022-08-25,2023-12-27,bajo licencia desde agosto de 2022
8412.31.90,84,G1,2022-08-25,2023-12-27,bajo licencia desde agosto de 2022
8412.39.00,84,G2,2022-10-04,2023-12-27,incorporada en octubre de 2022
8412.80.00,84,G2,2022-10-04,2023-12-27,incorporada en octubre de 2022
8412.90.10,84,G2,2022-10-04,2023-12-27,incorporada en octubre de 2022
8412.90.20,84,G2,2022-10-04,2023-12-27,incorporada en octubre de 2022
8412.90.80,84,G2,2022-10-04,2023-12-27,incorporada en octubre de 2022
8412.90.90,84,G2,2022-10-04,2023-12-27,incorporada en octubre de 2022
8413.11.00,84,G2,2022-10-04,2023-12-27,incorporada en octubre de 2022
8413.19.00,84,G2,2022-10-04,2023-12-27,incorporada en octubre de 2022
8413.40.00,84,G2,2022-10-04,2023-12-27,incorporada en octubre de 2022
8413.50.10,84,G1,2022-08-25,2023-12-27,bajo licencia desde agosto de 2022
8413.50.90,84,G1,2022-08-25,2023-12-27,bajo licencia desde agosto de 2022
8413.60.11,84,G2,2022-10-04,2023-12-27,incorporada en octubre de 2022
8413.60.19,84,G1,2022-08-25,2023-12-27,bajo licencia desde agosto de 2022
8413.60.90,84,G1,2022-08-25,2023-12-27,bajo licencia desde agosto de 2022
8413.70.10,84,G2,2022-10-04,2023-12-27,incorporada en octubre de 2022
8413.70.80,84,G1,2022-08-25,2023-12-27,bajo licencia desde agosto de 2022
8413.70.90,84,G2,2022-10-04,2023-12-27,incorporada en octubre de 2022
8413.81.00,84,G2,2022-10-04,2023-12-27,incorporada en octubre de 2022
8413.82.00,84,G2,2022-10-04,2023-12-27,incorporada en octubre de 2022
8413.91.10,84,G1,2022-08-25,2023-12-27,bajo licencia desde agosto de 2022
8413.91.90,84,G2,2022-10-04,2023-12-27,incorporada en octubre de 2022
8413.92.00,84,G1,2022-08-25,2023-12-27,bajo licencia desde agosto de 2022
8414.10.00,84,G1,2022-08-25,2023-12-27,bajo licencia desde agosto de 2022
8414.30.19,84,G2,2022-10-04,2023-12-27,incorporada en octubre de 2022
8414.30.99,84,G1,2022-08-25,2023-12-27,bajo licencia desde agosto de 2022
8414.40.10,84,G2,2022-10-04,2023-12-27,incorporada en octubre de 2022
8414.40.20,84,G1,2022-08-25,2023-12-27,bajo licencia desde agosto de 2022
8414.40.90,84,G2,2022-10-04,2023-12-27,incorporada en octubre de 2022
8414.59.10,84,G2,2022-10-04,2023-12-27,incorporada en octubre de 2022
8414.59.90,84,G1,2022-08-25,2023-12-27,bajo licencia desde agosto de 2022
8414.80.11,84,G2,2022-10-04,2023-12-27,incorporada en octubre de 2022
8414.80.12,84,G1,2022-08-25,2023-12-27,bajo licencia desde agosto de 2022
8414.80.13,84,G2,2022-10-04,2023-12-27,incorporada en octubre de 2022
8414.80.19,84,G2,2022-10-04,2023-12-27,incorporada en octubre de 2022
8414.80.21,84,G2,2022-10-04,2023-12-27,incorporada en octubre de 2022
8414.80.22,84,G2,2022-10-04,2023-12-27,incorporada en octubre de 2022
8414.80.29,84,G2,2022-10-04,2023-12-27,incorporada en octubre de 2022
8414.80.31,84,G1,2022-08-25,2023-12-27,bajo licencia desde agosto de 2022
8414.80.32,84,G1,2022-08-25,2023-12-27,bajo licencia desde agosto de 2022
8414.80.33,84,G2,2022-10-04,2023-12-27,incorporada en octubre de 2022
8414.80.38,84,G2,2022-10-04,2023-12-27,incorporada en octubre de 2022
8414.80.39,84,G2,2022-10-04,2023-12-27,incorporada en octubre de 2022
8414.80.90,84,G2,2022-10-04,2023-12-27,incorporada en octubre de 2022
8414.90.10,84,G2,2022-10-04,2023-12-27,incorporada en octubre de 2022
8414.90.31,84,G2,2022-10-04,2023-12-27,incorporada en octubre de 2022
8414.90.32,84,G2,2022-10-04,2023-12-27,incorporada en octubre de 2022
8414.90.33,84,G2,2022-10-04,2023-12-27,incorporada en octubre de 2022
8414.90.34,84,G2,2022-10-04,2023-12-27,incorporada en octubre de 2022
8414.90.39,84,G2,2022-10-04,2023-12-27,incorporada en octubre de 2022
8415.10.90,84,G2,2022-10-04,2023-12-27,incorporada en octubre de 2022
8415.20.90,84,G1,2022-08-25,2023-12-27,bajo licencia desde agosto de 2022
8415.81.90,84,G2,2022-10-04,2023-12-27,incorporada en octubre de 2022
8415.82.90,84,G2,2022-10-04,2023-12-27,incorporada en octubre de 2022
8415.83.00,84,G2,2022-10-04,2023-12-27,incorporada en octubre de 2022
8415.90.90,84,G1,2022-08-25,2023-12-27,bajo licencia desde agosto de 2022
8416.10.00,84,G1,2022-08-25,2023-12-27,bajo licencia desde agosto de 2022
8416.20.10,84,G1,2022-08-25,2023-12-27,bajo licencia desde agosto de 2022
8416.20.90,84,G1,2022-08-25,2023-12-27,bajo licencia desde agosto de 2022
8416.30.00,84,G2,2022-10-04,2023-12-27,incorporada en octubre de 2022
8416.90.00,84,G2,2022-10-04,2023-12-27,incorporada en octubre de 2022
8417.10.10,84,G2,2022-10-04,2023-12-27,incorporada en octubre de 2022
8417.10.20,84,G2,2022-10-04,2023-12-27,incorporada en octubre de 2022
8417.10.90,84,G2,2022-10-04,2023-12-27,incorporada en octubre de 2022
8417.20.00,84,G1,2022-08-25,2023-12-27,bajo licencia desde agosto de 2022
8417.80.10,84,G2,2022-10-04,2023-12-27,incorporada en octubre de 2022
8417.80.20,84,G2,2022-10-04,2023-12-27,incorporada en octubre de 2022
8417.80.90,84,G2,2022-10-04,2023-12-27,incorporada en octubre de 2022
8417.90.00,84,G2,2022-10-04,2023-12-27,incorporada en octubre de 2022
8418.50.10,84,G2,2022-10-04,2023-12-27,incorporada en octubre de 2022
8418.50.90,84,G1,2022-08-25,2023-12-27,bajo licencia desde agosto de 2022
8418.61.00,84,G2,2022-10-04,2023-12-27,incorporada en octubre de 2022
8418.69.10,84,G2,2022-10-04,2023-12-27,incorporada en octubre de 2022
8418.69.20,84,G2,2022-10-04,2023-12-27,incorporada en octubre de 2022
8418.69.91,84,G2,2022-10-04,2023-12-27,incorporada en octubre de 2022
8418.69.99,84,G1,2022-08-25,2023-12-27,bajo licencia desde agosto de 2022
8418.99.00,84,G2,2022-10-04,2023-12-27,incorporada en octubre de 2022
8419.20.00,84,G3,,,nunca alcanzada por el régimen
8419.31.00,84,G1,2022-08-25,2023-12-27,bajo licencia desde agosto de 2022
8419.32.00,84,G1,2022-08-25,2023-12-27,bajo licencia desde agosto de 2022
8419.39.00,84,G1,2022-08-25,2023-12-27,bajo licencia desde agosto de 2022
8419.40.10,84,G1,2022-08-25,2023-12-27,bajo licencia desde agosto de 2022
8419.40.20,84,G1,2022-08-25,2023-12-27,bajo licencia desde agosto de 2022
8419.40.90,84,G1,2022-08-25,2023-12-27,bajo licencia desde agosto de 2022
8419.50.10,84,G1,2022-08-25,2023-12-27,bajo licencia desde agosto de 2022
8419.50.21,84,G1,2022-08-25,2023-12-27,bajo licencia desde agosto de 2022
8419.50.22,84,G2,2022-10-04,2023-12-27,incorporada en octubre de 2022
8419.50.29,84,G1,2022-08-25,2023-12-27,bajo licencia desde agosto de 2022
8419.50.90,84,G1,2022-08-25,2023-12-27,bajo licencia desde agosto de 2022
8419.60.00,84,G2,2022-10-04,2023-12-27,incorporada en octubre de 2022
8419.81.10,84,G2,2022-10-04,2023-12-27,incorporada en octubre de 2022
8419.81.90,84,G2,2022-10-04,2023-12-27,incorporada en octubre de 2022
8419.89.11,84,G2,2022-10-04,2023-12-27,incorporada en octubre de 2022
8419.89.19,84,G1,2022-08-25,2023-12-27,bajo licencia desde agosto de 2022
8419.89.20,84,G2,2022-10-04,2023-12-27,incorporada en octubre de 2022
8419.89.30,84,G2,2022-10-04,2023-12-27,incorporada en octubre de 2022
8419.89.40,84,G1,2022-08-25,2023-12-27,bajo licencia desde agosto de 2022
8419.89.91,84,G1,2022-08-25,2023-12-27,bajo licencia desde agosto de 2022
8419.89.99,84,G2,2022-10-04,2023-12-27,incorporada en octubre de 2022
8419.90.20,84,G2,2022-10-04,2023-12-27,incorporada en octubre de 2022
8419.90.31,84,G2,2022-10-04,2023-12-27,incorporada en octubre de 2022
8419.90.39,84,G2,2022-10-04,2023-12-27,incorporada en octubre de 2022
8419.90.40,84,G2,2022-10-04,2023-12-27,incorporada en octubre de 2022
8419.90.90,84,G2,2022-10-04,2023-12-27,incorporada en octubre de 2022
8420.10.10,84,G2,2022-10-04,2023-12-27,incorporada en octubre de 2022
8420.10.90,84,G1,2022-08-25,2023-12-27,bajo licencia desde agosto de 2022
8420.91.00,84,G2,2022-10-04,2023-12-27,incorporada en octubre de 2022
8420.99.00,84,G2,2022-10-04,2023-12-27,incorporada en octubre de 2022
8421.11.10,84,G2,2022-10-04,2023-12-27,incorporada en octubre de 2022
8421.11.90,84,G2,2022-10-04,2023-12-27,incorporada en octubre de 2022
8421.12.90,84,G1,2022-08-25,2023-12-27,bajo licencia desde agosto de 2022
8421.19.10,84,G2,2022-10-04,2023-12-27,incorporada en octubre de 2022
8421.19.90,84,G1,2022-08-25,2023-12-27,bajo licencia desde agosto de 2022
8421.21.00,84,G1,2022-08-25,2023-12-27,bajo licencia desde agosto de 2022
8421.22.00,84,G2,2022-10-04,2023-12-27,incorporada en octubre de 2022
8421.29.11,84,G2,2022-10-04,2023-12-27,incorporada en octubre de 2022
8421.29.19,84,G2,2022-10-04,2023-12-27,incorporada en octubre de 2022
8421.29.20,84,G2,2022-10-04,2023-12-27,incorporada en octubre de 2022
8421.29.30,84,G2,2022-10-04,2023-12-27,incorporada en octubre de 2022
8421.29.90,84,G1,2022-08-25,2023-12-27,bajo licencia desde agosto de 2022
8421.39.10,84,G2,2022-10-04,2023-12-27,incorporada en octubre de 2022
8421.39.30,84,G2,2022-10-04,2023-12-27,incorporada en octubre de 2022
8421.39.90,84,G2,2022-10-04,2023-12-27,incorporada en octubre de 2022
8421.91.91,84,G2,2022-10-04,2023-12-27,incorporada en octubre de 2022
8421.91.99,84,G2,2022-10-04,2023-12-27,incorporada en octubre de 2022
8421.99.10,84,G1,2022-08-25,2023-12-27,bajo licencia desde agosto de 2022
8421.99.91,84,G2,2022-10-04,2023-12-27,incorporada en octubre de 2022
8421.99.99,84,G1,2022-08-25,2023-12-27,bajo licencia desde agosto de 2022
8422.19.00,84,G2,2022-10-04,2023-12-27,incorporada en octubre de 2022
8422.20.00,84,G1,2022-08-25,2023-12-27,bajo licencia desde agosto de 2022
8422.30.10,84,G1,2022-08-25,2023-12-27,bajo licencia desde agosto de 2022
8422.30.21,84,G1,2022-08-25,2023-12-27,bajo licencia desde agosto de 2022
8422.30.22,84,G1,2022-08-25,2023-12-27,bajo licencia desde agosto de 2022
8422.30.23,84,G2,2022-10-04,2023-12-27,incorporada en octubre de 2022
8422.30.29,84,G1,2022-08-25,2023-12-27,bajo licencia desde agosto de 2022
8422.30.30,84,G2,2022-10-04,2023-12-27,incorporada en octubre de 2022
8422.40.20,84,G2,2022-10-04,2023-12-27,incorporada en octubre de 2022
8422.40.30,84,G2,2022-10-04,2023-12-27,incorporada en octubre de 2022
8422.40.90,84,G1,2022-08-25,2023-12-27,bajo licencia desde agosto de 2022
8422.90.90,84,G1,2022-08-25,2023-12-27,bajo licencia desde agosto de 2022
8423.20.00,84,G2,2022-10-04,2023-12-27,incorporada en octubre de 2022
8423.30.11,84,G2,2022-10-04,2023-12-27,incorporada en octubre de 2022
8423.30.19,84,G1,2022-08-25,2023-12-27,bajo licencia desde agosto de 2022
8423.30.90,84,G2,2022-10-04,2023-12-27,incorporada en octubre de 2022
8423.81.10,84,G2,2022-10-04,2023-12-27,incorporada en octubre de 2022
8423.81.90,84,G2,2022-10-04,2023-12-27,incorporada en octubre de 2022
8423.82.00,84,G1,2022-08-25,2023-12-27,bajo licencia desde agosto de 2022
8423.89.00,84,G2,2022-10-04,2023-12-27,incorporada en octubre de 2022
8423.90.29,84,G2,2022-10-04,2023-12-27,incorporada en octubre de 2022
8424.20.00,84,G2,2022-10-04,2023-12-27,incorporada en octubre de 2022
8424.30.10,84,G2,2022-10-04,2023-12-27,incorporada en octubre de 2022
8424.30.20,84,G2,2022-10-04,2023-12-27,incorporada en octubre de 2022
8424.30.30,84,G2,2022-10-04,2023-12-27,incorporada en octubre de 2022
8424.30.90,84,G1,2022-08-25,2023-12-27,bajo licencia desde agosto de 2022
8424.41.00,84,G1,2022-08-25,2023-12-27,bajo licencia desde agosto de 2022
8424.49.00,84,G2,2022-10-04,2023-12-27,incorporada en octubre de 2022
8424.82.21,84,G1,2022-08-25,2023-12-27,bajo licencia desde agosto de 2022
8424.82.29,84,G1,2022-08-25,2023-12-27,bajo licencia desde agosto de 2022
8424.82.90,84,G1,2022-08-25,2023-12-27,bajo licencia desde agosto de 2022
8424.89.20,84,G2,2022-10-04,2023-12-27,incorporada en octubre de 2022
8424.89.90,84,G2,2022-10-04,2023-12-27,incorporada en octubre de 2022
8424.90.90,84,G2,2022-10-04,2023-12-27,incorporada en octubre de 2022
8425.11.00,84,G1,2022-08-25,2023-12-27,bajo licencia desde agosto de 2022
8425.19.90,84,G2,2022-10-04,2023-12-27,incorporada en octubre de 2022
8425.31.10,84,G1,2022-08-25,2023-12-27,bajo licencia desde agosto de 2022
8425.31.90,84,G2,2022-10-04,2023-12-27,incorporada en octubre de 2022
8425.39.10,84,G1,2022-08-25,2023-12-27,bajo licencia desde agosto de 2022
8425.39.90,84,G2,2022-10-04,2023-12-27,incorporada en octubre de 2022
8425.41.00,84,G1,2022-08-25,2023-12-27,bajo licencia desde agosto de 2022
8425.49.90,84,G2,2022-10-04,2023-12-27,incorporada en octubre de 2022
8426.11.00,84,G1,2022-08-25,2023-12-27,bajo licencia desde agosto de 2022
8426.12.00,84,G1,2022-08-25,2023-12-27,bajo licencia desde agosto de 2022
8426.19.00,84,G1,2022-08-25,2023-12-27,bajo licencia desde agosto de 2022
8426.20.00,84,G2,2022-10-04,2023-12-27,incorporada en octubre de 2022
8426.30.00,84,G2,2022-10-04,2023-12-27,incorporada en octubre de 2022
8426.41.10,84,G2,2022-10-04,2023-12-27,incorporada en octubre de 2022
8426.41.90,84,G2,2022-10-04,2023-12-27,incorporada en octubre de 2022
8426.49.10,84,G2,2022-10-04,2023-12-27,incorporada en octubre de 2022
8426.49.90,84,G2,2022-10-04,2023-12-27,incorporada en octubre de 2022
8426.91.00,84,G1,2022-08-25,2023-12-27,bajo licencia desde agosto de 2022
8426.99.00,84,G2,2022-10-04,2023-12-27,incorporada en octubre de 2022
8427.10.11,84,G2,2022-10-04,2023-12-27,incorporada en octubre de 2022
8427.10.19,84,G2,2022-10-04,2023-12-27,incorporada en octubre de 2022
8427.10.90,84,G2,2022-10-04,2023-12-27,incorporada en octubre de 2022
8427.20.10,84,G2,2022-10-04,2023-12-27,incorporada en octubre de 2022
8427.20.90,84,G1,2022-08-25,2023-12-27,bajo licencia desde agosto de 2022
8427.90.00,84,G1,2022-08-25,2023-12-27,bajo licencia desde agosto de 2022
8428.10.00,84,G1,2022-08-25,2023-12-27,bajo licencia desde agosto de 2022
8428.20.10,84,G2,2022-10-04,2023-12-27,incorporada en octubre de 2022
8428.20.90,84,G2,2022-10-04,2023-12-27,incorporada en octubre de 2022
8428.31.00,84,G2,2022-10-04,2023-12-27,incorporada en octubre de 2022
8428.32.00,84,G1,2022-08-25,2023-12-27,bajo licencia desde agosto de 2022
8428.33.00,84,G2,2022-10-04,2023-12-27,incorporada en octubre de 2022
8428.39.10,84,G2,2022-10-04,2023-12-27,incorporada en octubre de 2022
8428.39.20,84,G2,2022-10-04,2023-12-27,incorporada en octubre de 2022
8428.39.30,84,G2,2022-10-04,2023-12-27,incorporada en octubre de 2022
8428.39.90,84,G2,2022-10-04,2023-12-27,incorporada en octubre de 2022
8428.40.00,84,G2,2022-10-04,2023-12-27,incorporada en octubre de 2022
8428.60.00,84,G2,2022-10-04,2023-12-27,incorporada en octubre de 2022
8428.90.10,84,G2,2022-10-04,2023-12-27,incorporada en octubre de 2022
8428.90.20,84,G2,2022-10-04,2023-12-27,incorporada en octubre de 2022
8428.90.30,84,G2,2022-10-04,2023-12-27,incorporada en octubre de 2022
8428.90.90,84,G1,2022-08-25,2023-12-27,bajo licencia desde agosto de 2022
8429.11.10,84,G2,2022-10-04,2023-12-27,incorporada en octubre de 2022
8429.11.90,84,G2,2022-10-04,2023-12-27,incorporada en octubre de 2022
8429.19.10,84,G2,2022-10-04,2023-12-27,incorporada en octubre de 2022
8429.19.90,84,G2,2022-10-04,2023-12-27,incorporada en octubre de 2022
8429.20.10,84,G2,2022-10-04,2023-12-27,incorporada en octubre de 2022
8429.20.90,84,G2,2022-10-04,2023-12-27,incorporada en octubre de 2022
8429.30.00,84,G2,2022-10-04,2023-12-27,incorporada en octubre de 2022
8429.40.00,84,G2,2022-10-04,2023-12-27,incorporada en octubre de 2022
8429.51.11,84,G2,2022-10-04,2023-12-27,incorporada en octubre de 2022
8429.51.19,84,G2,2022-10-04,2023-12-27,incorporada en octubre de 2022
8429.51.21,84,G2,2022-10-04,2023-12-27,incorporada en octubre de 2022
8429.51.29,84,G2,2022-10-04,2023-12-27,incorporada en octubre de 2022
8429.51.91,84,G2,2022-10-04,2023-12-27,incorporada en octubre de 2022
8429.51.92,84,G2,2022-10-04,2023-12-27,incorporada en octubre de 2022
8429.51.99,84,G2,2022-10-04,2023-12-27,incorporada en octubre de 2022
8429.52.11,84,G2,2022-10-04,2023-12-27,incorporada en octubre de 2022
8429.52.12,84,G2,2022-10-04,2023-12-27,incorporada en octubre de 2022
8429.52.19,84,G2,2022-10-04,2023-12-27,incorporada en octubre de 2022
8429.52.20,84,G2,2022-10-04,2023-12-27,incorporada en octubre de 2022
8429.52.90,84,G2,2022-10-04,2023-12-27,incorporada en octubre de 2022
8429.59.00,84,G2,2022-10-04,2023-12-27,incorporada en octubre de 2022
8430.10.00,84,G2,2022-10-04,2023-12-27,incorporada en octubre de 2022
8430.20.00,84,G2,2022-10-04,2023-12-27,incorporada en octubre de 2022
8430.31.10,84,G2,2022-10-04,2023-12-27,incorporada en octubre de 2022
8430.31.90,84,G2,2022-10-04,2023-12-27,incorporada en octubre de 2022
8430.39.10,84,G2,2022-10-04,2023-12-27,incorporada en octubre de 2022
8430.39.90,84,G2,2022-10-04,2023-12-27,incorporada en octubre de 2022
8430.41.10,84,G2,2022-10-04,2023-12-27,incorporada en octubre de 2022
8430.41.20,84,G2,2022-10-04,2023-12-27,incorporada en octubre de 2022
8430.41.30,84,G2,2022-10-04,2023-12-27,incorporada en octubre de 2022
8430.41.90,84,G2,2022-10-04,2023-12-27,incorporada en octubre de 2022
8430.49.10,84,G2,2022-10-04,2023-12-27,incorporada en octubre de 2022
8430.49.20,84,G2,2022-10-04,2023-12-27,incorporada en octubre de 2022
8430.49.90,84,G2,2022-10-04,2023-12-27,incorporada en octubre de 2022
8430.50.00,84,G2,2022-10-04,2023-12-27,incorporada en octubre de 2022
8430.61.00,84,G2,2022-10-04,2023-12-27,incorporada en octubre de 2022
8430.69.11,84,G2,2022-10-04,2023-12-27,incorporada en octubre de 2022
8430.69.19,84,G2,2022-10-04,2023-12-27,incorporada en octubre de 2022
8430.69.90,84,G2,2022-10-04,2023-12-27,incorporada en octubre de 2022
8431.10.90,84,G2,2022-10-04,2023-12-27,incorporada en octubre de 2022
8431.20.11,84,G2,2022-10-04,2023-12-27,incorporada en octubre de 2022
8431.20.19,84,G2,2022-10-04,2023-12-27,incorporada en octubre de 2022
8431.20.90,84,G2,2022-10-04,2023-12-27,incorporada en octubre de 2022
8431.31.10,84,G1,2022-08-25,2023-12-27,bajo licencia desde agosto de 2022
8431.31.90,84,G2,2022-10-04,2023-12-27,incorporada en octubre de 2022
8431.39.00,84,G1,2022-08-25,2023-12-27,bajo licencia desde agosto de 2022
8431.41.00,84,G2,2022-10-04,2023-12-27,incorporada en octubre de 2022
8431.42.00,84,G2,2022-10-04,2023-12-27,incorporada en octubre de 2022
8431.43.10,84,G2,2022-10-04,2023-12-27,incorporada en octubre de 2022
8431.43.90,84,G2,2022-10-04,2023-12-27,incorporada en octubre de 2022
8431.49.10,84,G2,2022-10-04,2023-12-27,incorporada en octubre de 2022
8431.49.21,84,G1,2022-08-25,2023-12-27,bajo licencia desde agosto de 2022
8431.49.22,84,G2,2022-10-04,2023-12-27,incorporada en octubre de 2022
8431.49.23,84,G1,2022-08-25,2023-12-27,bajo licencia desde agosto de 2022
8431.49.29,84,G2,2022-10-04,2023-12-27,incorporada en octubre de 2022
8432.10.00,84,G2,2022-10-04,2023-12-27,incorporada en octubre de 2022
8432.21.00,84,G2,2022-10-04,2023-12-27,incorporada en octubre de 2022
8432.29.00,84,G1,2022-08-25,2023-12-27,bajo licencia desde agosto de 2022
8432.31.10,84,G1,2022-08-25,2023-12-27,bajo licencia desde agosto de 2022
8432.31.90,84,G1,2022-08-25,2023-12-27,bajo licencia desde agosto de 2022
8432.39.10,84,G1,2022-08-25,2023-12-27,bajo licencia desde agosto de 2022
8432.39.90,84,G1,2022-08-25,2023-12-27,bajo licencia desde agosto de 2022
8432.41.00,84,G1,2022-08-25,2023-12-27,bajo licencia desde agosto de 2022
8432.42.00,84,G1,2022-08-25,2023-12-27,bajo licencia desde agosto de 2022
8432.80.00,84,G1,2022-08-25,2023-12-27,bajo licencia desde agosto de 2022
8432.90.00,84,G2,2022-10-04,2023-12-27,incorporada en octubre de 2022
8433.20.10,84,G2,2022-10-04,2023-12-27,incorporada en octubre de 2022
8433.20.90,84,G2,2022-10-04,2023-12-27,incorporada en octubre de 2022
8433.30.00,84,G2,2022-10-04,2023-12-27,incorporada en octubre de 2022
8433.40.00,84,G1,2022-08-25,2023-12-27,bajo licencia desde agosto de 2022
8433.51.00,84,G1,2022-08-25,2023-12-27,bajo licencia desde agosto de 2022
8433.52.00,84,G1,2022-08-25,2023-12-27,bajo licencia desde agosto de 2022
8433.53.00,84,G1,2022-08-25,2023-12-27,bajo licencia desde agosto de 2022
8433.59.11,84,G1,2022-08-25,2023-12-27,bajo licencia desde agosto de 2022
8433.59.19,84,G2,2022-10-04,2023-12-27,incorporada en octubre de 2022
8433.59.90,84,G1,2022-08-25,2023-12-27,bajo licencia desde agosto de 2022
8433.60.10,84,G1,2022-08-25,2023-12-27,bajo licencia desde agosto de 2022
8433.60.21,84,G2,2022-10-04,2023-12-27,incorporada en octubre de 2022
8433.60.29,84,G2,2022-10-04,2023-12-27,incorporada en octubre de 2022
8433.60.90,84,G1,2022-08-25,2023-12-27,bajo licencia desde agosto de 2022
8433.90.90,84,G1,2022-08-25,2023-12-27,bajo licencia desde agosto de 2022
8434.10.00,84,G2,2022-10-04,2023-12-27,incorporada en octubre de 2022
8434.20.10,84,G2,2022-10-04,2023-12-27,incorporada en octubre de 2022
8434.20.90,84,G2,2022-10-04,2023-12-27,incorporada en octubre de 2022
8434.90.00,84,G2,2022-10-04,2023-12-27,incorporada en octubre de 2022
8435.10.00,84,G2,2022-10-04,2023-12-27,incorporada en octubre de 2022
8435.90.00,84,G2,2022-10-04,2023-12-27,incorporada en octubre de 2022
8436.10.00,84,G1,2022-08-25,2023-12-27,bajo licencia desde agosto de 2022
8436.21.00,84,G2,2022-10-04,2023-12-27,incorporada en octubre de 2022
8436.29.00,84,G2,2022-10-04,2023-12-27,incorporada en octubre de 2022
8436.80.00,84,G1,2022-08-25,2023-12-27,bajo licencia desde agosto de 2022
8436.91.00,84,G2,2022-10-04,2023-12-27,incorporada en octubre de 2022
8436.99.00,84,G2,2022-10-04,2023-12-27,incorporada en octubre de 2022
8437.10.00,84,G1,2022-08-25,2023-12-27,bajo licencia desde agosto de 2022
8437.80.10,84,G1,2022-08-25,2023-12-27,bajo licencia desde agosto de 2022
8437.80.90,84,G1,2022-08-25,2023-12-27,bajo licencia desde agosto de 2022
8437.90.00,84,G1,2022-08-25,2023-12-27,bajo licencia desde agosto de 2022
8438.10.00,84,G1,2022-08-25,2023-12-27,bajo licencia desde agosto de 2022
8438.20.11,84,G2,2022-10-04,2023-12-27,incorporada en octubre de 2022
8438.20.19,84,G2,2022-10-04,2023-12-27,incorporada en octubre de 2022
8438.20.90,84,G2,2022-10-04,2023-12-27,incorporada en octubre de 2022
8438.30.00,84,G2,2022-10-04,2023-12-27,incorporada en octubre de 2022
8438.40.00,84,G1,2022-08-25,2023-12-27,bajo licencia desde agosto de 2022
8438.50.00,84,G1,2022-08-25,2023-12-27,bajo licencia desde agosto de 2022
8438.60.00,84,G2,2022-10-04,2023-12-27,incorporada en octubre de 2022
8438.80.10,84,G2,2022-10-04,2023-12-27,incorporada en octubre de 2022
8438.80.20,84,G2,2022-10-04,2023-12-27,incorporada en octubre de 2022
8438.80.90,84,G2,2022-10-04,2023-12-27,incorporada en octubre de 2022
8438.90.00,84,G2,2022-10-04,2023-12-27,incorporada en octubre de 2022
8439.10.10,84,G2,2022-10-04,2023-12-27,incorporada en octubre de 2022
8439.10.20,84,G2,2022-10-04,2023-12-27,incorporada en octubre de 2022
8439.10.30,84,G2,2022-10-04,2023-12-27,incorporada en octubre de 2022
8439.10.90,84,G2,2022-10-04,2023-12-27,incorporada en octubre de 2022
8439.20.00,84,G2,2022-10-04,2023-12-27,incorporada en octubre de 2022
8439.30.10,84,G2,2022-10-04,2023-12-27,incorporada en octubre de 2022
8439.30.20,84,G2,2022-10-04,2023-12-27,incorporada en octubre de 2022
8439.30.30,84,G2,2022-10-04,2023-12-27,incorporada en octubre de 2022
8439.30.90,84,G2,2022-10-04,2023-12-27,incorporada en octubre de 2022
8439.91.00,84,G2,2022-10-04,2023-12-27,incorporada en octubre de 2022
8439.99.10,84,G2,2022-10-04,2023-12-27,incorporada en octubre de 2022
8439.99.90,84,G2,2022-10-04,2023-12-27,incorporada en octubre de 2022
8440.10.11,84,G2,2022-10-04,2023-12-27,incorporada en octubre de 2022
8440.10.19,84,G2,2022-10-04,2023-12-27,incorporada en octubre de 2022
8440.10.20,84,G2,2022-10-04,2023-12-27,incorporada en octubre de 2022
8440.10.90,84,G2,2022-10-04,2023-12-27,incorporada en octubre de 2022
8440.90.00,84,G2,2022-10-04,2023-12-27,incorporada en octubre de 2022
8441.10.10,84,G2,2022-10-04,2023-12-27,incorporada en octubre de 2022
8441.10.90,84,G2,2022-10-04,2023-12-27,incorporada en octubre de 2022
8441.20.00,84,G2,2022-10-04,2023-12-27,incorporada en octubre de 2022
8441.30.10,84,G2,2022-10-04,2023-12-27,incorporada en octubre de 2022
8441.30.90,84,G2,2022-10-04,2023-12-27,incorporada en octubre de 2022
8441.40.00,84,G2,2022-10-04,2023-12-27,incorporada en octubre de 2022
8441.80.00,84,G2,2022-10-04,2023-12-27,incorporada en octubre de 2022
8441.90.00,84,G2,2022-10-04,2023-12-27,incorporada en octubre de 2022
8442.30.10,84,G2,2022-10-04,2023-12-27,incorporada en octubre de 2022
8442.30.20,84,G2,2022-10-04,2023-12-27,incorporada en octubre de 2022
8442.30.90,84,G2,2022-10-04,2023-12-27,incorporada en octubre de 2022
8442.40.10,84,G2,2022-10-04,2023-12-27,incorporada en octubre de 2022
8442.40.20,84,G2,2022-10-04,2023-12-27,incorporada en octubre de 2022
8442.40.90,84,G2,2022-10-04,2023-12-27,incorporada en octubre de 2022
8442.50.00,84,G2,2022-10-04,2023-12-27,incorporada en octubre de 2022
8443.11.10,84,G2,2022-10-04,2023-12-27,incorporada en octubre de 2022
8443.11.90,84,G2,2022-10-04,2023-12-27,incorporada en octubre de 2022
8443.12.00,84,G2,2022-10-04,2023-12-27,incorporada en octubre de 2022
8443.13.10,84,G2,2022-10-04,2023-12-27,incorporada en octubre de 2022
8443.13.21,84,G2,2022-10-04,2023-12-27,incorporada en octubre de 2022
8443.13.29,84,G2,2022-10-04,2023-12-27,incorporada en octubre de 2022
8443.13.90,84,G2,2022-10-04,2023-12-27,incorporada en octubre de 2022
8443.14.00,84,G2,2022-10-04,2023-12-27,incorporada en octubre de 2022
8443.15.00,84,G2,2022-10-04,2023-12-27,incorporada en octubre de 2022
8443.16.00,84,G2,2022-10-04,2023-12-27,incorporada en octubre de 2022
8443.17.10,84,G2,2022-10-04,2023-12-27,incorporada en octubre de 2022
8443.17.90,84,G2,2022-10-04,2023-12-27,incorporada en octubre de 2022
8443.19.10,84,G2,2022-10-04,2023-12-27,incorporada en octubre de 2022
8443.19.90,84,G2,2022-10-04,2023-12-27,incorporada en octubre de 2022
8443.39.10,84,G2,2022-10-04,2023-12-27,incorporada en octubre de 2022
8443.39.21,84,G2,2022-10-04,2023-12-27,incorporada en octubre de 2022
8443.39.28,84,G2,2022-10-04,2023-12-27,incorporada en octubre de 2022
8443.39.29,84,G2,2022-10-04,2023-12-27,incorporada en octubre de 2022
8443.39.30,84,G2,2022-10-04,2023-12-27,incorporada en octubre de 2022
8443.39.90,84,G2,2022-10-04,2023-12-27,incorporada en octubre de 2022
8443.91.10,84,G2,2022-10-04,2023-12-27,incorporada en octubre de 2022
8443.91.91,84,G2,2022-10-04,2023-12-27,incorporada en octubre de 2022
8443.91.92,84,G2,2022-10-04,2023-12-27,incorporada en octubre de 2022
8443.91.99,84,G2,2022-10-04,2023-12-27,incorporada en octubre de 2022
8444.00.10,84,G2,2022-10-04,2023-12-27,incorporada en octubre de 2022
8444.00.20,84,G2,2022-10-04,2023-12-27,incorporada en octubre de 2022
8444.00.90,84,G2,2022-10-04,2023-12-27,incorporada en octubre de 2022
8445.11.10,84,G2,2022-10-04,2023-12-27,incorporada en octubre de 2022
8445.11.20,84,G2,2022-10-04,2023-12-27,incorporada en octubre de 2022
8445.11.90,84,G2,2022-10-04,2023-12-27,incorporada en octubre de 2022
8445.12.00,84,G2,2022-10-04,2023-12-27,incorporada en octubre de 2022
8445.13.00,84,G2,2022-10-04,2023-12-27,incorporada en octubre de 2022
8445.19.10,84,G2,2022-10-04,2023-12-27,incorporada en octubre de 2022
8445.19.21,84,G2,2022-10-04,2023-12-27,incorporada en octubre de 2022
8445.19.22,84,G2,2022-10-04,2023-12-27,incorporada en octubre de 2022
8445.19.23,84,G2,2022-10-04,2023-12-27,incorporada en octubre de 2022
8445.19.24,84,G2,2022-10-04,2023-12-27,incorporada en octubre de 2022
8445.19.25,84,G2,2022-10-04,2023-12-27,incorporada en octubre de 2022
8445.19.26,84,G2,2022-10-04,2023-12-27,incorporada en octubre de 2022
8445.19.27,84,G2,2022-10-04,2023-12-27,incorporada en octubre de 2022
8445.19.29,84,G2,2022-10-04,2023-12-27,incorporada en octubre de 2022
8445.20.00,84,G2,2022-10-04,2023-12-27,incorporada en octubre de 2022
8445.30.10,84,G2,2022-10-04,2023-12-27,incorporada en octubre de 2022
8445.30.90,84,G2,2022-10-04,2023-12-27,incorporada en octubre de 2022
8445.40.11,84,G2,2022-10-04,2023-12-27,incorporada en octubre de 2022
8445.40.12,84,G2,2022-10-04,2023-12-27,incorporada en octubre de 2022
8445.40.18,84,G2,2022-10-04,2023-12-27,incorporada en octubre de 2022
8445.40.19,84,G2,2022-10-04,2023-12-27,incorporada en octubre de 2022
8445.40.21,84,G2,2022-10-04,2023-12-27,incorporada en octubre de 2022
8445.40.29,84,G2,2022-10-04,2023-12-27,incorporada en octubre de 2022
8445.40.31,84,G2,2022-10-04,2023-12-27,incorporada en octubre de 2022
8445.40.39,84,G2,2022-10-04,2023-12-27,incorporada en octubre de 2022
8445.40.40,84,G2,2022-10-04,2023-12-27,incorporada en octubre de 2022
8445.40.90,84,G2,2022-10-04,2023-12-27,incorporada en octubre de 2022
8445.90.10,84,G2,2022-10-04,2023-12-27,incorporada en octubre de 2022
8445.90.20,84,G2,2022-10-04,2023-12-27,incorporada en octubre de 2022
8445.90.30,84,G2,2022-10-04,2023-12-27,incorporada en octubre de 2022
8445.90.40,84,G2,2022-10-04,2023-12-27,incorporada en octubre de 2022
8445.90.90,84,G2,2022-10-04,2023-12-27,incorporada en octubre de 2022
8446.10.10,84,G2,2022-10-04,2023-12-27,incorporada en octubre de 2022
8446.10.90,84,G2,2022-10-04,2023-12-27,incorporada en octubre de 2022
8446.21.00,84,G2,2022-10-04,2023-12-27,incorporada en octubre de 2022
8446.29.00,84,G2,2022-10-04,2023-12-27,incorporada en octubre de 2022
8446.30.10,84,G2,2022-10-04,2023-12-27,incorporada en octubre de 2022
8446.30.20,84,G2,2022-10-04,2023-12-27,incorporada en octubre de 2022
8446.30.30,84,G2,2022-10-04,2023-12-27,incorporada en octubre de 2022
8446.30.40,84,G2,2022-10-04,2023-12-27,incorporada en octubre de 2022
8446.30.90,84,G2,2022-10-04,2023-12-27,incorporada en octubre de 2022
8447.11.00,84,G2,2022-10-04,2023-12-27,incorporada en octubre de 2022
8447.12.00,84,G2,2022-10-04,2023-12-27,incorporada en octubre de 2022
8447.20.21,84,G2,2022-10-04,2023-12-27,incorporada en octubre de 2022
8447.20.29,84,G2,2022-10-04,2023-12-27,incorporada en octubre de 2022
8447.20.30,84,G2,2022-10-04,2023-12-27,incorporada en octubre de 2022
8447.90.10,84,G2,2022-10-04,2023-12-27,incorporada en octubre de 2022
8447.90.20,84,G2,2022-10-04,2023-12-27,incorporada en octubre de 2022
8447.90.90,84,G2,2022-10-04,2023-12-27,incorporada en octubre de 2022
8448.11.10,84,G2,2022-10-04,2023-12-27,incorporada en octubre de 2022
8448.11.20,84,G2,2022-10-04,2023-12-27,incorporada en octubre de 2022
8448.11.90,84,G2,2022-10-04,2023-12-27,incorporada en octubre de 2022
8448.19.00,84,G2,2022-10-04,2023-12-27,incorporada en octubre de 2022
8448.20.10,84,G2,2022-10-04,2023-12-27,incorporada en octubre de 2022
8448.20.20,84,G2,2022-10-04,2023-12-27,incorporada en octubre de 2022
8448.20.30,84,G2,2022-10-04,2023-12-27,incorporada en octubre de 2022
8448.20.90,84,G2,2022-10-04,2023-12-27,incorporada en octubre de 2022
8448.31.00,84,G2,2022-10-04,2023-12-27,incorporada en octubre de 2022
8448.32.11,84,G2,2022-10-04,2023-12-27,incorporada en octubre de 2022
8448.32.19,84,G2,2022-10-04,2023-12-27,incorporada en octubre de 2022
8448.32.20,84,G2,2022-10-04,2023-12-27,incorporada en octubre de 2022
8448.32.30,84,G2,2022-10-04,2023-12-27,incorporada en octubre de 2022
8448.32.40,84,G2,2022-10-04,2023-12-27,incorporada en octubre de 2022
8448.32.50,84,G2,2022-10-04,2023-12-27,incorporada en octubre de 2022
8448.32.90,84,G2,2022-10-04,2023-12-27,incorporada en octubre de 2022
8448.33.10,84,G2,2022-10-04,2023-12-27,incorporada en octubre de 2022
8448.33.90,84,G2,2022-10-04,2023-12-27,incorporada en octubre de 2022
8448.39.11,84,G2,2022-10-04,2023-12-27,incorporada en octubre de 2022
8448.39.12,84,G2,2022-10-04,2023-12-27,incorporada en octubre de 2022
8448.39.17,84,G2,2022-10-04,2023-12-27,incorporada en octubre de 2022
8448.39.19,84,G2,2022-10-04,2023-12-27,incorporada en octubre de 2022
8448.39.21,84,G2,2022-10-04,2023-12-27,incorporada en octubre de 2022
8448.39.22,84,G2,2022-10-04,2023-12-27,incorporada en octubre de 2022
8448.39.23,84,G2,2022-10-04,2023-12-27,incorporada en octubre de 2022
8448.39.29,84,G2,2022-10-04,2023-12-27,incorporada en octubre de 2022
8448.39.91,84,G2,2022-10-04,2023-12-27,incorporada en octubre de 2022
8448.39.92,84,G2,2022-10-04,2023-12-27,incorporada en octubre de 2022
8448.39.99,84,G2,2022-10-04,2023-12-27,incorporada en octubre de 2022
8448.42.00,84,G2,2022-10-04,2023-12-27,incorporada en octubre de 2022
8448.49.10,84,G2,2022-10-04,2023-12-27,incorporada en octubre de 2022
8448.49.20,84,G2,2022-10-04,2023-12-27,incorporada en octubre de 2022
8448.49.90,84,G2,2022-10-04,2023-12-27,incorporada en octubre de 2022
8448.51.00,84,G3,,,nunca alcanzada por el régimen
8448.59.10,84,G2,2022-10-04,2023-12-27,incorporada en octubre de 2022
8448.59.22,84,G2,2022-10-04,2023-12-27,incorporada en octubre de 2022
8448.59.29,84,G2,2022-10-04,2023-12-27,incorporada en octubre de 2022
8448.59.30,84,G2,2022-10-04,2023-12-27,incorporada en octubre de 2022
8448.59.40,84,G2,2022-10-04,2023-12-27,incorporada en octubre de 2022
8448.59.90,84,G2,2022-10-04,2023-12-27,incorporada en octubre de 2022
8449.00.10,84,G2,2022-10-04,2023-12-27,incorporada en octubre de 2022
8449.00.20,84,G2,2022-10-04,2023-12-27,incorporada en octubre de 2022
8449.00.80,84,G2,2022-10-04,2023-12-27,incorporada en octubre de 2022
8449.00.91,84,G2,2022-10-04,2023-12-27,incorporada en octubre de 2022
8449.00.99,84,G2,2022-10-04,2023-12-27,incorporada en octubre de 2022
8450.20.10,84,G2,2022-10-04,2023-12-27,incorporada en octubre de 2022
8450.20.90,84,G2,2022-10-04,2023-12-27,incorporada en octubre de 2022
8450.90.10,84,G2,2022-10-04,2023-12-27,incorporada en octubre de 2022
8451.10.00,84,G2,2022-10-04,2023-12-27,incorporada en octubre de 2022
8451.29.10,84,G2,2022-10-04,2023-12-27,incorporada en octubre de 2022
8451.29.90,84,G2,2022-10-04,2023-12-27,incorporada en octubre de 2022
8451.30.10,84,G2,2022-10-04,2023-12-27,incorporada en octubre de 2022
8451.30.99,84,G1,2022-08-25,2023-12-27,bajo licencia desde agosto de 2022
8451.40.10,84,G2,2022-10-04,2023-12-27,incorporada en octubre de 2022
8451.40.21,84,G2,2022-10-04,2023-12-27,incorporada en octubre de 2022
8451.40.29,84,G2,2022-10-04,2023-12-27,incorporada en octubre de 2022
8451.40.90,84,G2,2022-10-04,2023-12-27,incorporada en octubre de 2022
8451.50.10,84,G2,2022-10-04,2023-12-27,incorporada en octubre de 2022
8451.50.20,84,G2,2022-10-04,2023-12-27,incorporada en octubre de 2022
8451.50.90,84,G2,2022-10-04,2023-12-27,incorporada en octubre de 2022
8451.80.00,84,G2,2022-10-04,2023-12-27,incorporada en octubre de 2022
8451.90.90,84,G2,2022-10-04,2023-12-27,incorporada en octubre de 2022
8452.21.10,84,G2,2022-10-04,2023-12-27,incorporada en octubre de 2022
8452.21.20,84,G2,2022-10-04,2023-12-27,incorporada en octubre de 2022
8452.21.90,84,G2,2022-10-04,2023-12-27,incorporada en octubre de 2022
8452.29.10,84,G2,2022-10-04,2023-12-27,incorporada en octubre de 2022
8452.29.21,84,G2,2022-10-04,2023-12-27,incorporada en octubre de 2022
8452.29.22,84,G2,2022-10-04,2023-12-27,incorporada en octubre de 2022
8452.29.23,84,G2,2022-10-04,2023-12-27,incorporada en octubre de 2022
8452.29.24,84,G2,2022-10-04,2023-12-27,incorporada en octubre de 2022
8452.29.25,84,G2,2022-10-04,2023-12-27,incorporada en octubre de 2022
8452.29.29,84,G2,2022-10-04,2023-12-27,incorporada en octubre de 2022
8452.29.90,84,G2,2022-10-04,2023-12-27,incorporada en octubre de 2022
8452.30.00,84,G2,2022-10-04,2023-12-27,incorporada en octubre de 2022
8452.90.91,84,G2,2022-10-04,2023-12-27,incorporada en octubre de 2022
8452.90.92,84,G2,2022-10-04,2023-12-27,incorporada en octubre de 2022
8452.90.93,84,G2,2022-10-04,2023-12-27,incorporada en octubre de 2022
8452.90.94,84,G2,2022-10-04,2023-12-27,incorporada en octubre de 2022
8452.90.99,84,G2,2022-10-04,2023-12-27,incorporada en octubre de 2022
8453.10.10,84,G2,2022-10-04,2023-12-27,incorporada en octubre de 2022
8453.10.90,84,G2,2022-10-04,2023-12-27,incorporada en octubre de 2022
8453.20.00,84,G2,2022-10-04,2023-12-27,incorporada en octubre de 2022
8453.80.00,84,G2,2022-10-04,2023-12-27,incorporada en octubre de 2022
8453.90.00,84,G2,2022-10-04,2023-12-27,incorporada en octubre de 2022
8454.10.00,84,G2,2022-10-04,2023-12-27,incorporada en octubre de 2022
8454.20.10,84,G1,2022-08-25,2023-12-27,bajo licencia desde agosto de 2022
8454.20.90,84,G2,2022-10-04,2023-12-27,incorporada en octubre de 2022
8454.30.10,84,G2,2022-10-04,2023-12-27,incorporada en octubre de 2022
8454.30.20,84,G2,2022-10-04,2023-12-27,incorporada en octubre de 2022
8454.30.90,84,G2,2022-10-04,2023-12-27,incorporada en octubre de 2022
8454.90.10,84,G2,2022-10-04,2023-12-27,incorporada en octubre de 2022
8454.90.90,84,G2,2022-10-04,2023-12-27,incorporada en octubre de 2022
8455.10.00,84,G2,2022-10-04,2023-12-27,incorporada en octubre de 2022
8455.21.10,84,G2,2022-10-04,2023-12-27,incorporada en octubre de 2022
8455.21.90,84,G2,2022-10-04,2023-12-27,incorporada en octubre de 2022
8455.22.10,84,G2,2022-10-04,2023-12-27,incorporada en octubre de 2022
8455.22.90,84,G2,2022-10-04,2023-12-27,incorporada en octubre de 2022
8455.30.10,84,G1,2022-08-25,2023-12-27,bajo licencia desde agosto de 2022
8455.30.20,84,G2,2022-10-04,2023-12-27,incorporada en octubre de 2022
8455.30.90,84,G2,2022-10-04,2023-12-27,incorporada en octubre de 2022
8455.90.00,84,G2,2022-10-04,2023-12-27,incorporada en octubre de 2022
8456.11.11,84,G1,2022-08-25,2023-12-27,bajo licencia desde agosto de 2022
8456.11.19,84,G2,2022-10-04,2023-12-27,incorporada en octubre de 2022
8456.11.90,84,G2,2022-10-04,2023-12-27,incorporada en octubre de 2022
8456.12.11,84,G2,2022-10-04,2023-12-27,incorporada en octubre de 2022
8456.12.19,84,G2,2022-10-04,2023-12-27,incorporada en octubre de 2022
8456.12.90,84,G2,2022-10-04,2023-12-27,incorporada en octubre de 2022
8456.20.10,84,G2,2022-10-04,2023-12-27,incorporada en octubre de 2022
8456.20.90,84,G2,2022-10-04,2023-12-27,incorporada en octubre de 2022
8456.30.11,84,G2,2022-10-04,2023-12-27,incorporada en octubre de 2022
8456.30.19,84,G2,2022-10-04,2023-12-27,incorporada en octubre de 2022
8456.30.90,84,G2,2022-10-04,2023-12-27,incorporada en octubre de 2022
8456.40.00,84,G2,2022-10-04,2023-12-27,incorporada en octubre de 2022
8456.50.00,84,G2,2022-10-04,2023-12-27,incorporada en octubre de 2022
8456.90.00,84,G2,2022-10-04,2023-12-27,incorporada en octubre de 2022
8457.10.00,84,G2,2022-10-04,2023-12-27,incorporada en octubre de 2022
8457.20.10,84,G2,2022-10-04,2023-12-27,incorporada en octubre de 2022
8457.20.90,84,G2,2022-10-04,2023-12-27,incorporada en octubre de 2022
8457.30.10,84,G2,2022-10-04,2023-12-27,incorporada en octubre de 2022
8457.30.90,84,G2,2022-10-04,2023-12-27,incorporada en octubre de 2022
8458.11.10,84,G2,2022-10-04,2023-12-27,incorporada en octubre de 2022
8458.11.91,84,G2,2022-10-04,2023-12-27,incorporada en octubre de 2022
8458.11.99,84,G2,2022-10-04,2023-12-27,incorporada en octubre de 2022
8458.19.10,84,G2,2022-10-04,2023-12-27,incorporada en octubre de 2022
8458.19.90,84,G2,2022-10-04,2023-12-27,incorporada en octubre de 2022
8458.91.00,84,G2,2022-10-04,2023-12-27,incorporada en octubre de 2022
8458.99.00,84,G2,2022-10-04,2023-12-27,incorporada en octubre de 2022
8459.10.00,84,G2,2022-10-04,2023-12-27,incorporada en octubre de 2022
8459.21.10,84,G2,2022-10-04,2023-12-27,incorporada en octubre de 2022
8459.21.91,84,G2,2022-10-04,2023-12-27,incorporada en octubre de 2022
8459.21.99,84,G2,2022-10-04,2023-12-27,incorporada en octubre de 2022
8459.29.00,84,G2,2022-10-04,2023-12-27,incorporada en octubre de 2022
8459.31.00,84,G2,2022-10-04,2023-12-27,incorporada en octubre de 2022
8459.39.00,84,G2,2022-10-04,2023-12-27,incorporada en octubre de 2022
8459.41.00,84,G2,2022-10-04,2023-12-27,incorporada en octubre de 2022
8459.49.00,84,G2,2022-10-04,2023-12-27,incorporada en octubre de 2022
8459.51.00,84,G2,2022-10-04,2023-12-27,incorporada en octubre de 2022
8459.59.00,84,G2,2022-10-04,2023-12-27,incorporada en octubre de 2022
8459.61.00,84,G2,2022-10-04,2023-12-27,incorporada en octubre de 2022
8459.69.00,84,G2,2022-10-04,2023-12-27,incorporada en octubre de 2022
8459.70.00,84,G2,2022-10-04,2023-12-27,incorporada en octubre de 2022
8460.12.00,84,G2,2022-10-04,2023-12-27,incorporada en octubre de 2022
8460.19.00,84,G2,2022-10-04,2023-12-27,incorporada en octubre de 2022
8460.22.00,84,G2,2022-10-04,2023-12-27,incorporada en octubre de 2022
8460.23.00,84,G2,2022-10-04,2023-12-27,incorporada en octubre de 2022
8460.24.00,84,G2,2022-10-04,2023-12-27,incorporada en octubre de 2022
8460.29.00,84,G2,2022-10-04,2023-12-27,incorporada en octubre de 2022
8460.31.00,84,G2,2022-10-04,2023-12-27,incorporada en octubre de 2022
8460.39.00,84,G2,2022-10-04,2023-12-27,incorporada en octubre de 2022
8460.40.11,84,G2,2022-10-04,2023-12-27,incorporada en octubre de 2022
8460.40.19,84,G2,2022-10-04,2023-12-27,incorporada en octubre de 2022
8460.40.91,84,G2,2022-10-04,2023-12-27,incorporada en octubre de 2022
8460.40.99,84,G2,2022-10-04,2023-12-27,incorporada en octubre de 2022
8460.90.11,84,G2,2022-10-04,2023-12-27,incorporada en octubre de 2022
8460.90.12,84,G2,2022-10-04,2023-12-27,incorporada en octubre de 2022
8460.90.19,84,G2,2022-10-04,2023-12-27,incorporada en octubre de 2022
8460.90.90,84,G2,2022-10-04,2023-12-27,incorporada en octubre de 2022
8461.20.10,84,G2,2022-10-04,2023-12-27,incorporada en octubre de 2022
8461.20.90,84,G2,2022-10-04,2023-12-27,incorporada en octubre de 2022
8461.30.10,84,G2,2022-10-04,2023-12-27,incorporada en octubre de 2022
8461.30.90,84,G2,2022-10-04,2023-12-27,incorporada en octubre de 2022
8461.40.10,84,G2,2022-10-04,2023-12-27,incorporada en octubre de 2022
8461.40.91,84,G2,2022-10-04,2023-12-27,incorporada en octubre de 2022
8461.40.99,84,G2,2022-10-04,2023-12-27,incorporada en octubre de 2022
8461.50.10,84,G1,2022-08-25,2023-12-27,bajo licencia desde agosto de 2022
8461.50.20,84,G1,2022-08-25,2023-12-27,bajo licencia desde agosto de 2022
8461.50.90,84,G2,2022-10-04,2023-12-27,incorporada en octubre de 2022
8461.90.10,84,G2,2022-10-04,2023-12-27,incorporada en octubre de 2022
8461.90.90,84,G2,2022-10-04,2023-12-27,incorporada en octubre de 2022
8462.10.11,84,G2,2022-10-04,2023-12-27,incorporada en octubre de 2022
8462.10.19,84,G2,2022-10-04,2023-12-27,incorporada en octubre de 2022
8462.10.90,84,G2,2022-10-04,2023-12-27,incorporada en octubre de 2022
8462.21.00,84,G2,2022-10-04,2023-12-27,incorporada en octubre de 2022
8462.29.00,84,G2,2022-10-04,2023-12-27,incorporada en octubre de 2022
8462.31.00,84,G2,2022-10-04,2023-12-27,incorporada en octubre de 2022
8462.39.10,84,G1,2022-08-25,2023-12-27,bajo licencia desde agosto de 2022
8462.39.90,84,G2,2022-10-04,2023-12-27,incorporada en octubre de 2022
8462.41.00,84,G2,2022-10-04,2023-12-27,incorporada en octubre de 2022
8462.49.00,84,G2,2022-10-04,2023-12-27,incorporada en octubre de 2022
8462.91.11,84,G2,2022-10-04,2023-12-27,incorporada en octubre de 2022
8462.91.19,84,G1,2022-08-25,2023-12-27,bajo licencia desde agosto de 2022
8462.91.91,84,G2,2022-10-04,2023-12-27,incorporada en octubre de 2022
8462.91.99,84,G2,2022-10-04,2023-12-27,incorporada en octubre de 2022
8462.99.10,84,G2,2022-10-04,2023-12-27,incorporada en octubre de 2022
8462.99.20,84,G2,2022-10-04,2023-12-27,incorporada en octubre de 2022
8462.99.90,84,G2,2022-10-04,2023-12-27,incorporada en octubre de 2022
8463.10.10,84,G2,2022-10-04,2023-12-27,incorporada en octubre de 2022
8463.10.90,84,G2,2022-10-04,2023-12-27,incorporada en octubre de 2022
8463.20.10,84,G2,2022-10-04,2023-12-27,incorporada en octubre de 2022
8463.20.91,84,G2,2022-10-04,2023-12-27,incorporada en octubre de 2022
8463.20.99,84,G2,2022-10-04,2023-12-27,incorporada en octubre de 2022
8463.30.00,84,G2,2022-10-04,2023-12-27,incorporada en octubre de 2022
8463.90.10,84,G2,2022-10-04,2023-12-27,incorporada en octubre de 2022
8463.90.90,84,G2,2022-10-04,2023-12-27,incorporada en octubre de 2022
8464.10.00,84,G2,2022-10-04,2023-12-27,incorporada en octubre de 2022
8464.20.10,84,G2,2022-10-04,2023-12-27,incorporada en octubre de 2022
8464.20.21,84,G2,2022-10-04,2023-12-27,incorporada en octubre de 2022
8464.20.29,84,G2,2022-10-04,2023-12-27,incorporada en octubre de 2022
8464.20.90,84,G2,2022-10-04,2023-12-27,incorporada en octubre de 2022
8464.90.11,84,G2,2022-10-04,2023-12-27,incorporada en octubre de 2022
8464.90.19,84,G2,2022-10-04,2023-12-27,incorporada en octubre de 2022
8464.90.90,84,G2,2022-10-04,2023-12-27,incorporada en octubre de 2022
8465.10.00,84,G2,2022-10-04,2023-12-27,incorporada en octubre de 2022
8465.20.00,84,G1,2022-08-25,2023-12-27,bajo licencia desde agosto de 2022
8465.91.10,84,G2,2022-10-04,2023-12-27,incorporada en octubre de 2022
8465.91.20,84,G1,2022-08-25,2023-12-27,bajo licencia desde agosto de 2022
8465.91.90,84,G2,2022-10-04,2023-12-27,incorporada en octubre de 2022
8465.92.11,84,G1,2022-08-25,2023-12-27,bajo licencia desde agosto de 2022
8465.92.19,84,G2,2022-10-04,2023-12-27,incorporada en octubre de 2022
8465.92.90,84,G2,2022-10-04,2023-12-27,incorporada en octubre de 2022
8465.93.10,84,G2,2022-10-04,2023-12-27,incorporada en octubre de 2022
8465.93.90,84,G2,2022-10-04,2023-12-27,incorporada en octubre de 2022
8465.94.00,84,G2,2022-10-04,2023-12-27,incorporada en octubre de 2022
8465.95.11,84,G2,2022-10-04,2023-12-27,incorporada en octubre de 2022
8465.95.12,84,G2,2022-10-04,2023-12-27,incorporada en octubre de 2022
8465.95.91,84,G2,2022-10-04,2023-12-27,incorporada en octubre de 2022
8465.95.92,84,G2,2022-10-04,2023-12-27,incorporada en octubre de 2022
8465.96.00,84,G2,2022-10-04,2023-12-27,incorporada en octubre de 2022
8465.99.00,84,G2,2022-10-04,2023-12-27,incorporada en octubre de 2022
8466.10.00,84,G2,2022-10-04,2023-12-27,incorporada en octubre de 2022
8466.20.10,84,G2,2022-10-04,2023-12-27,incorporada en octubre de 2022
8466.20.90,84,G2,2022-10-04,2023-12-27,incorporada en octubre de 2022
8466.30.00,84,G2,2022-10-04,2023-12-27,incorporada en octubre de 2022
8466.91.00,84,G2,2022-10-04,2023-12-27,incorporada en octubre de 2022
8466.92.00,84,G2,2022-10-04,2023-12-27,incorporada en octubre de 2022
8466.93.11,84,G2,2022-10-04,2023-12-27,incorporada en octubre de 2022
8466.93.19,84,G2,2022-10-04,2023-12-27,incorporada en octubre de 2022
8466.93.20,84,G2,2022-10-04,2023-12-27,incorporada en octubre de 2022
8466.93.30,84,G2,2022-10-04,2023-12-27,incorporada en octubre de 2022
8466.93.40,84,G2,2022-10-04,2023-12-27,incorporada en octubre de 2022
8466.93.50,84,G2,2022-10-04,2023-12-27,incorporada en octubre de 2022
8466.93.60,84,G2,2022-10-04,2023-12-27,incorporada en octubre de 2022
8466.94.10,84,G2,2022-10-04,2023-12-27,incorporada en octubre de 2022
8466.94.20,84,G2,2022-10-04,2023-12-27,incorporada en octubre de 2022
8466.94.30,84,G2,2022-10-04,2023-12-27,incorporada en octubre de 2022
8466.94.90,84,G2,2022-10-04,2023-12-27,incorporada en octubre de 2022
8467.11.10,84,G2,2022-10-04,2023-12-27,incorporada en octubre de 2022
8467.11.90,84,G2,2022-10-04,2023-12-27,incorporada en octubre de 2022
8467.19.00,84,G2,2022-10-04,2023-12-27,incorporada en octubre de 2022
8467.29.93,84,G1,2022-08-25,2023-12-27,bajo licencia desde agosto de 2022
8467.81.00,84,G2,2022-10-04,2023-12-27,incorporada en octubre de 2022
8467.89.00,84,G2,2022-10-04,2023-12-27,incorporada en octubre de 2022
8467.91.00,84,G2,2022-10-04,2023-12-27,incorporada en octubre de 2022
8467.92.00,84,G2,2022-10-04,2023-12-27,incorporada en octubre de 2022
8467.99.00,84,G2,2022-10-04,2023-12-27,incorporada en octubre de 2022
8468.20.00,84,G2,2022-10-04,2023-12-27,incorporada en octubre de 2022
8468.80.10,84,G2,2022-10-04,2023-12-27,incorporada en octubre de 2022
8468.80.90,84,G2,2022-10-04,2023-12-27,incorporada en octubre de 2022
8468.90.20,84,G2,2022-10-04,2023-12-27,incorporada en octubre de 2022
8468.90.90,84,G2,2022-10-04,2023-12-27,incorporada en octubre de 2022
8470.50.90,84,G2,2022-10-04,2023-12-27,incorporada en octubre de 2022
8470.90.10,84,G2,2022-10-04,2023-12-27,incorporada en octubre de 2022
8470.90.90,84,G2,2022-10-04,2023-12-27,incorporada en octubre de 2022
8472.10.00,84,G2,2022-10-04,2023-12-27,incorporada en octubre de 2022
8472.30.90,84,G2,2022-10-04,2023-12-27,incorporada en octubre de 2022
8472.90.30,84,G2,2022-10-04,2023-12-27,incorporada en octubre de 2022
8472.90.91,84,G2,2022-10-04,2023-12-27,incorporada en octubre de 2022
8472.90.99,84,G2,2022-10-04,2023-12-27,incorporada en octubre de 2022
8474.10.00,84,G1,2022-08-25,2023-12-27,bajo licencia desde agosto de 2022
8474.20.10,84,G2,2022-10-04,2023-12-27,incorporada en octubre de 2022
8474.20.90,84,G2,2022-10-04,2023-12-27,incorporada en octubre de 2022
8474.31.00,84,G2,2022-10-04,2023-12-27,incorporada en octubre de 2022
8474.32.00,84,G2,2022-10-04,2023-12-27,incorporada en octubre de 2022
8474.39.00,84,G2,2022-10-04,2023-12-27,incorporada en octubre de 2022
8474.80.10,84,G2,2022-10-04,2023-12-27,incorporada en octubre de 2022
8474.80.90,84,G2,2022-10-04,2023-12-27,incorporada en octubre de 2022
8474.90.00,84,G1,2022-08-25,2023-12-27,bajo licencia desde agosto de 2022
8475.10.00,84,G2,2022-10-04,2023-12-27,incorporada en octubre de 2022
8475.21.00,84,G2,2022-10-04,2023-12-27,incorporada en octubre de 2022
8475.29.10,84,G2,2022-10-04,2023-12-27,incorporada en octubre de 2022
8475.29.90,84,G2,2022-10-04,2023-12-27,incorporada en octubre de 2022
8475.90.00,84,G2,2022-10-04,2023-12-27,incorporada en octubre de 2022
8476.21.00,84,G2,2022-10-04,2023-12-27,incorporada en octubre de 2022
8476.29.00,84,G2,2022-10-04,2023-12-27,incorporada en octubre de 2022
8476.81.00,84,G2,2022-10-04,2023-12-27,incorporada en octubre de 2022
8476.89.10,84,G2,2022-10-04,2023-12-27,incorporada en octubre de 2022
8476.89.90,84,G2,2022-10-04,2023-12-27,incorporada en octubre de 2022
8476.90.00,84,G2,2022-10-04,2023-12-27,incorporada en octubre de 2022
8477.10.11,84,G2,2022-10-04,2023-12-27,incorporada en octubre de 2022
8477.10.19,84,G2,2022-10-04,2023-12-27,incorporada en octubre de 2022
8477.10.21,84,G2,2022-10-04,2023-12-27,incorporada en octubre de 2022
8477.10.29,84,G2,2022-10-04,2023-12-27,incorporada en octubre de 2022
8477.10.91,84,G2,2022-10-04,2023-12-27,incorporada en octubre de 2022
8477.10.99,84,G2,2022-10-04,2023-12-27,incorporada en octubre de 2022
8477.20.10,84,G2,2022-10-04,2023-12-27,incorporada en octubre de 2022
8477.20.90,84,G2,2022-10-04,2023-12-27,incorporada en octubre de 2022
8477.30.10,84,G2,2022-10-04,2023-12-27,incorporada en octubre de 2022
8477.30.90,84,G2,2022-10-04,2023-12-27,incorporada en octubre de 2022
8477.40.10,84,G2,2022-10-04,2023-12-27,incorporada en octubre de 2022
8477.40.90,84,G2,2022-10-04,2023-12-27,incorporada en octubre de 2022
8477.51.00,84,G2,2022-10-04,2023-12-27,incorporada en octubre de 2022
8477.59.11,84,G2,2022-10-04,2023-12-27,incorporada en octubre de 2022
8477.59.19,84,G2,2022-10-04,2023-12-27,incorporada en octubre de 2022
8477.59.90,84,G2,2022-10-04,2023-12-27,incorporada en octubre de 2022
8477.80.10,84,G2,2022-10-04,2023-12-27,incorporada en octubre de 2022
8477.80.90,84,G2,2022-10-04,2023-12-27,incorporada en octubre de 2022
8477.90.00,84,G2,2022-10-04,2023-12-27,incorporada en octubre de 2022
8478.10.10,84,G2,2022-10-04,2023-12-27,incorporada en octubre de 2022
8478.10.90,84,G2,2022-10-04,2023-12-27,incorporada en octubre de 2022
8478.90.00,84,G2,2022-10-04,2023-12-27,incorporada en octubre de 2022
8479.10.10,84,G2,2022-10-04,2023-12-27,incorporada en octubre de 2022
8479.10.90,84,G2,2022-10-04,2023-12-27,incorporada en octubre de 2022
8479.20.00,84,G2,2022-10-04,2023-12-27,incorporada en octubre de 2022
8479.30.00,84,G2,2022-10-04,2023-12-27,incorporada en octubre de 2022
8479.40.00,84,G2,2022-10-04,2023-12-27,incorporada en octubre de 2022
8479.50.00,84,G2,2022-10-04,2023-12-27,incorporada en octubre de 2022
8479.60.00,84,G2,2022-10-04,2023-12-27,incorporada en octubre de 2022
8479.71.00,84,G2,2022-10-04,2023-12-27,incorporada en octubre de 2022
8479.79.00,84,G2,2022-10-04,2023-12-27,incorporada en octubre de 2022
8479.81.10,84,G2,2022-10-04,2023-12-27,incorporada en octubre de 2022
8479.81.90,84,G2,2022-10-04,2023-12-27,incorporada en octubre de 2022
8479.82.10,84,G1,2022-08-25,2023-12-27,bajo licencia desde agosto de 2022
8479.82.90,84,G1,2022-08-25,2023-12-27,bajo licencia desde agosto de 2022
8479.89.11,84,G2,2022-10-04,2023-12-27,incorporada en octubre de 2022
8479.89.12,84,G1,2022-08-25,2023-12-27,bajo licencia desde agosto de 2022
8479.89.21,84,G2,2022-10-04,2023-12-27,incorporada en octubre de 2022
8479.89.22,84,G2,2022-10-04,2023-12-27,incorporada en octubre de 2022
8479.89.40,84,G1,2022-08-25,2023-12-27,bajo licencia desde agosto de 2022
8479.89.91,84,G2,2022-10-04,2023-12-27,incorporada en octubre de 2022
8479.89.92,84,G2,2022-10-04,2023-12-27,incorporada en octubre de 2022
8479.89.99,84,G1,2022-08-25,2023-12-27,bajo licencia desde agosto de 2022
8479.90.90,84,G2,2022-10-04,2023-12-27,incorporada en octubre de 2022
8480.10.00,84,G2,2022-10-04,2023-12-27,incorporada en octubre de 2022
8480.20.00,84,G2,2022-10-04,2023-12-27,incorporada en octubre de 2022
8480.30.00,84,G2,2022-10-04,2023-12-27,incorporada en octubre de 2022
8480.41.00,84,G2,2022-10-04,2023-12-27,incorporada en octubre de 2022
8480.49.10,84,G2,2022-10-04,2023-12-27,incorporada en octubre de 2022
8480.49.90,84,G2,2022-10-04,2023-12-27,incorporada en octubre de 2022
8480.50.00,84,G1,2022-08-25,2023-12-27,bajo licencia desde agosto de 2022
8480.60.00,84,G2,2022-10-04,2023-12-27,incorporada en octubre de 2022
8480.71.00,84,G2,2022-10-04,2023-12-27,incorporada en octubre de 2022
8480.79.00,84,G3,,,nunca alcanzada por el régimen
8481.10.00,84,G1,2022-08-25,2023-12-27,bajo licencia desde agosto de 2022
8481.20.90,84,G1,2022-08-25,2023-12-27,bajo licencia desde agosto de 2022
8481.30.00,84,G1,2022-08-25,2023-12-27,bajo licencia desde agosto de 2022
8481.40.00,84,G2,2022-10-04,2023-12-27,incorporada en octubre de 2022
8481.80.21,84,G2,2022-10-04,2023-12-27,incorporada en octubre de 2022
8481.80.29,84,G2,2022-10-04,2023-12-27,incorporada en octubre de 2022
8481.80.39,84,G1,2022-08-25,2023-12-27,bajo licencia desde agosto de 2022
8481.80.92,84,G1,2022-08-25,2023-12-27,bajo licencia desde agosto de 2022
8481.80.93,84,G1,2022-08-25,2023-12-27,bajo licencia desde agosto de 2022
8481.80.94,84,G1,2022-08-25,2023-12-27,bajo licencia desde agosto de 2022
8481.80.95,84,G1,2022-08-25,2023-12-27,bajo licencia desde agosto de 2022
8481.80.96,84,G1,2022-08-25,2023-12-27,bajo licencia desde agosto de 2022
8481.80.97,84,G1,2022-08-25,2023-12-27,bajo licencia desde agosto de 2022
8481.80.99,84,G1,2022-08-25,2023-12-27,bajo licencia desde agosto de 2022
8481.90.90,84,G1,2022-08-25,2023-12-27,bajo licencia desde agosto de 2022
8483.10.50,84,G2,2022-10-04,2023-12-27,incorporada en octubre de 2022
8483.40.10,84,G1,2022-08-25,2023-12-27,bajo licencia desde agosto de 2022
8483.40.90,84,G1,2022-08-25,2023-12-27,bajo licencia desde agosto de 2022
8483.60.11,84,G2,2022-10-04,2023-12-27,incorporada en octubre de 2022
8483.60.19,84,G2,2022-10-04,2023-12-27,incorporada en octubre de 2022
8483.60.90,84,G2,2022-10-04,2023-12-27,incorporada en octubre de 2022
8483.90.00,84,G1,2022-08-25,2023-12-27,bajo licencia desde agosto de 2022
8484.20.00,84,G1,2022-08-25,2023-12-27,bajo licencia desde agosto de 2022
8486.10.00,84,G2,2022-10-04,2023-12-27,incorporada en octubre de 2022
8486.20.00,84,G2,2022-10-04,2023-12-27,incorporada en octubre de 2022
8486.30.00,84,G2,2022-10-04,2023-12-27,incorporada en octubre de 2022
8486.40.00,84,G2,2022-10-04,2023-12-27,incorporada en octubre de 2022
8486.90.00,84,G2,2022-10-04,2023-12-27,incorporada en octubre de 2022
8487.10.00,84,G2,2022-10-04,2023-12-27,incorporada en octubre de 2022
8487.90.00,84,G1,2022-08-25,2023-12-27,bajo licencia desde agosto de 2022
8501.33.10,85,G1,2022-08-25,2023-12-27,bajo licencia desde agosto de 2022
8501.33.20,85,G2,2022-10-04,2023-12-27,incorporada en octubre de 2022
8501.34.11,85,G1,2022-08-25,2023-12-27,bajo licencia desde agosto de 2022
8501.34.19,85,G2,2022-10-04,2023-12-27,incorporada en octubre de 2022
8501.34.20,85,G2,2022-10-04,2023-12-27,incorporada en octubre de 2022
8501.40.21,85,G2,2022-10-04,2023-12-27,incorporada en octubre de 2022
8501.40.29,85,G2,2022-10-04,2023-12-27,incorporada en octubre de 2022
8501.51.10,85,G2,2022-10-04,2023-12-27,incorporada en octubre de 2022
8501.51.20,85,G2,2022-10-04,2023-12-27,incorporada en octubre de 2022
8501.51.90,85,G2,2022-10-04,2023-12-27,incorporada en octubre de 2022
8501.52.10,85,G2,2022-10-04,2023-12-27,incorporada en octubre de 2022
8501.52.20,85,G2,2022-10-04,2023-12-27,incorporada en octubre de 2022
8501.52.90,85,G2,2022-10-04,2023-12-27,incorporada en octubre de 2022
8501.53.10,85,G2,2022-10-04,2023-12-27,incorporada en octubre de 2022
8501.53.20,85,G2,2022-10-04,2023-12-27,incorporada en octubre de 2022
8501.53.30,85,G2,2022-10-04,2023-12-27,incorporada en octubre de 2022
8501.53.90,85,G2,2022-10-04,2023-12-27,incorporada en octubre de 2022
8501.61.00,85,G2,2022-10-04,2023-12-27,incorporada en octubre de 2022
8501.62.00,85,G2,2022-10-04,2023-12-27,incorporada en octubre de 2022
8501.63.00,85,G2,2022-10-04,2023-12-27,incorporada en octubre de 2022
8501.64.00,85,G2,2022-10-04,2023-12-27,incorporada en octubre de 2022
8502.11.10,85,G1,2022-08-25,2023-12-27,bajo licencia desde agosto de 2022
8502.11.90,85,G1,2022-08-25,2023-12-27,bajo licencia desde agosto de 2022
8502.12.10,85,G1,2022-08-25,2023-12-27,bajo licencia desde agosto de 2022
8502.12.90,85,G1,2022-08-25,2023-12-27,bajo licencia desde agosto de 2022
8502.13.11,85,G1,2022-08-25,2023-12-27,bajo licencia desde agosto de 2022
8502.13.19,85,G1,2022-08-25,2023-12-27,bajo licencia desde agosto de 2022
8502.13.90,85,G1,2022-08-25,2023-12-27,bajo licencia desde agosto de 2022
8502.20.11,85,G1,2022-08-25,2023-12-27,bajo licencia desde agosto de 2022
8502.20.19,85,G1,2022-08-25,2023-12-27,bajo licencia desde agosto de 2022
8502.20.90,85,G2,2022-10-04,2023-12-27,incorporada en octubre de 2022
8502.31.00,85,G1,2022-08-25,2023-12-27,bajo licencia desde agosto de 2022
8502.39.00,85,G1,2022-08-25,2023-12-27,bajo licencia desde agosto de 2022
8502.40.10,85,G2,2022-10-04,2023-12-27,incorporada en octubre de 2022
8502.40.90,85,G2,2022-10-04,2023-12-27,incorporada en octubre de 2022
8503.00.90,85,G2,2022-10-04,2023-12-27,incorporada en octubre de 2022
8504.21.00,85,G1,2022-08-25,2023-12-27,bajo licencia desde agosto de 2022
8504.22.00,85,G1,2022-08-25,2023-12-27,bajo licencia desde agosto de 2022
8504.23.00,85,G1,2022-08-25,2023-12-27,bajo licencia desde agosto de 2022
8504.33.00,85,G1,2022-08-25,2023-12-27,bajo licencia desde agosto de 2022
8504.34.00,85,G1,2022-08-25,2023-12-27,bajo licencia desde agosto de 2022
8504.40.30,85,G2,2022-10-04,2023-12-27,incorporada en octubre de 2022
8504.40.50,85,G2,2022-10-04,2023-12-27,incorporada en octubre de 2022
8504.40.90,85,G2,2022-10-04,2023-12-27,incorporada en octubre de 2022
8504.90.30,85,G2,2022-10-04,2023-12-27,incorporada en octubre de 2022
8504.90.40,85,G2,2022-10-04,2023-12-27,incorporada en octubre de 2022
8505.20.10,85,G2,2022-10-04,2023-12-27,incorporada en octubre de 2022
8505.20.90,85,G2,2022-10-04,2023-12-27,incorporada en octubre de 2022
8505.90.80,85,G2,2022-10-04,2023-12-27,incorporada en octubre de 2022
8505.90.90,85,G2,2022-10-04,2023-12-27,incorporada en octubre de 2022
8508.60.00,85,G1,2022-08-25,2023-12-27,bajo licencia desde agosto de 2022
8508.70.00,85,G2,2022-10-04,2023-12-27,incorporada en octubre de 2022
8510.20.00,85,G1,2022-08-25,2023-12-27,bajo licencia desde agosto de 2022
8510.90.20,85,G2,2022-10-04,2023-12-27,incorporada en octubre de 2022
8510.90.90,85,G2,2022-10-04,2023-12-27,incorporada en octubre de 2022
8514.10.10,85,G2,2022-10-04,2023-12-27,incorporada en octubre de 2022
8514.10.90,85,G2,2022-10-04,2023-12-27,incorporada en octubre de 2022
8514.20.11,85,G2,2022-10-04,2023-12-27,incorporada en octubre de 2022
8514.20.19,85,G2,2022-10-04,2023-12-27,incorporada en octubre de 2022
8514.20.20,85,G2,2022-10-04,2023-12-27,incorporada en octubre de 2022
8514.30.11,85,G2,2022-10-04,2023-12-27,incorporada en octubre de 2022
8514.30.19,85,G2,2022-10-04,2023-12-27,incorporada en octubre de 2022
8514.30.21,85,G2,2022-10-04,2023-12-27,incorporada en octubre de 2022
8514.30.29,85,G2,2022-10-04,2023-12-27,incorporada en octubre de 2022
8514.30.90,85,G2,2022-10-04,2023-12-27,incorporada en octubre de 2022
8514.40.00,85,G2,2022-10-04,2023-12-27,incorporada en octubre de 2022
8514.90.00,85,G2,2022-10-04,2023-12-27,incorporada en octubre de 2022
8515.11.00,85,G2,2022-10-04,2023-12-27,incorporada en octubre de 2022
8515.19.00,85,G1,2022-08-25,2023-12-27,bajo licencia desde agosto de 2022
8515.21.00,85,G2,2022-10-04,2023-12-27,incorporada en octubre de 2022
8515.29.00,85,G2,2022-10-04,2023-12-27,incorporada en octubre de 2022
8515.31.10,85,G2,2022-10-04,2023-12-27,incorporada en octubre de 2022
8515.31.90,85,G1,2022-08-25,2023-12-27,bajo licencia desde agosto de 2022
8515.39.00,85,G1,2022-08-25,2023-12-27,bajo licencia desde agosto de 2022
8515.80.10,85,G2,2022-10-04,2023-12-27,incorporada en octubre de 2022
8515.80.90,85,G1,2022-08-25,2023-12-27,bajo licencia desde agosto de 2022
8515.90.00,85,G2,2022-10-04,2023-12-27,incorporada en octubre de 2022
8519.81.20,85,G2,2022-10-04,2023-12-27,incorporada en octubre de 2022
8521.10.10,85,G2,2022-10-04,2023-12-27,incorporada en octubre de 2022
8521.10.90,85,G2,2022-10-04,2023-12-27,incorporada en octubre de 2022
8521.90.10,85,G2,2022-10-04,2023-12-27,incorporada en octubre de 2022
8525.80.11,85,G2,2022-10-04,2023-12-27,incorporada en octubre de 2022
8525.80.12,85,G2,2022-10-04,2023-12-27,incorporada en octubre de 2022
8525.80.13,85,G2,2022-10-04,2023-12-27,incorporada en octubre de 2022
8525.80.21,85,G2,2022-10-04,2023-12-27,incorporada en octubre de 2022
8525.80.22,85,G2,2022-10-04,2023-12-27,incorporada en octubre de 2022
8526.10.00,85,G2,2022-10-04,2023-12-27,incorporada en octubre de 2022
8526.91.00,85,G2,2022-10-04,2023-12-27,incorporada en octubre de 2022
8528.69.10,85,G2,2022-10-04,2023-12-27,incorporada en octubre de 2022
8529.90.30,85,G2,2022-10-04,2023-12-27,incorporada en octubre de 2022
8529.90.40,85,G2,2022-10-04,2023-12-27,incorporada en octubre de 2022
8530.10.90,85,G2,2022-10-04,2023-12-27,incorporada en octubre de 2022
8530.80.90,85,G2,2022-10-04,2023-12-27,incorporada en octubre de 2022
8530.90.00,85,G2,2022-10-04,2023-12-27,incorporada en octubre de 2022
8537.20.10,85,G2,2022-10-04,2023-12-27,incorporada en octubre de 2022
8540.20.20,85,G2,2022-10-04,2023-12-27,incorporada en octubre de 2022
8543.10.00,85,G2,2022-10-04,2023-12-27,incorporada en octubre de 2022
8543.20.00,85,G2,2022-10-04,2023-12-27,incorporada en octubre de 2022
8543.30.00,85,G3,,,nunca alcanzada por el régimen
8543.90.90,85,G2,2022-10-04,2023-12-27,incorporada en octubre de 2022
8601.10.00,86,G2,2022-10-04,2023-12-27,incorporada en octubre de 2022
8601.20.00,86,G2,2022-10-04,2023-12-27,incorporada en octubre de 2022
8602.10.00,86,G2,2022-10-04,2023-12-27,incorporada en octubre de 2022
8602.90.00,86,G2,2022-10-04,2023-12-27,incorporada en octubre de 2022
8603.10.00,86,G2,2022-10-04,2023-12-27,incorporada en octubre de 2022
8603.90.00,86,G2,2022-10-04,2023-12-27,incorporada en octubre de 2022
8604.00.10,86,G2,2022-10-04,2023-12-27,incorporada en octubre de 2022
8604.00.90,86,G2,2022-10-04,2023-12-27,incorporada en octubre de 2022
8605.00.10,86,G2,2022-10-04,2023-12-27,incorporada en octubre de 2022
8605.00.90,86,G2,2022-10-04,2023-12-27,incorporada en octubre de 2022
8606.10.00,86,G2,2022-10-04,2023-12-27,incorporada en octubre de 2022
8606.30.00,86,G2,2022-10-04,2023-12-27,incorporada en octubre de 2022
8606.91.00,86,G2,2022-10-04,2023-12-27,incorporada en octubre de 2022
8606.92.00,86,G2,2022-10-04,2023-12-27,incorporada en octubre de 2022
8606.99.00,86,G2,2022-10-04,2023-12-27,incorporada en octubre de 2022
8607.11.10,86,G2,2022-10-04,2023-12-27,incorporada en octubre de 2022
8607.11.20,86,G2,2022-10-04,2023-12-27,incorporada en octubre de 2022
8607.12.00,86,G2,2022-10-04,2023-12-27,incorporada en octubre de 2022
8607.19.11,86,G2,2022-10-04,2023-12-27,incorporada en octubre de 2022
8607.19.19,86,G2,2022-10-04,2023-12-27,incorporada en octubre de 2022
8607.19.90,86,G1,2022-08-25,2023-12-27,bajo licencia desde agosto de 2022
8607.21.00,86,G1,2022-08-25,2023-12-27,bajo licencia desde agosto de 2022
8607.29.00,86,G2,2022-10-04,2023-12-27,incorporada en octubre de 2022
8607.30.00,86,G1,2022-08-25,2023-12-27,bajo licencia desde agosto de 2022
8607.91.00,86,G2,2022-10-04,2023-12-27,incorporada en octubre de 2022
8607.99.00,86,G2,2022-10-04,2023-12-27,incorporada en octubre de 2022
8608.00.11,86,G2,2022-10-04,2023-12-27,incorporada en octubre de 2022
8608.00.12,86,G2,2022-10-04,2023-12-27,incorporada en octubre de 2022
8608.00.90,86,G1,2022-08-25,2023-12-27,bajo licencia desde agosto de 2022
8609.00.00,86,G2,2022-10-04,2023-12-27,incorporada en octubre de 2022
8701.10.00,87,G2,2022-10-04,2023-12-27,incorporada en octubre de 2022
8701.30.00,87,G2,2022-10-04,2023-12-27,incorporada en octubre de 2022
8701.91.00,87,G1,2022-08-25,2023-12-27,bajo licencia desde agosto de 2022
8701.92.00,87,G1,2022-08-25,2023-12-27,bajo licencia desde agosto de 2022
8701.93.00,87,G1,2022-08-25,2023-12-27,bajo licencia desde agosto de 2022
8701.94.10,87,G2,2022-10-04,2023-12-27,incorporada en octubre de 2022
8701.94.90,87,G1,2022-08-25,2023-12-27,bajo licencia desde agosto de 2022
8701.95.10,87,G2,2022-10-04,2023-12-27,incorporada en octubre de 2022
8701.95.90,87,G1,2022-08-25,2023-12-27,bajo licencia desde agosto de 2022
8704.10.10,87,G2,2022-10-04,2023-12-27,incorporada en octubre de 2022
8704.10.90,87,G2,2022-10-04,2023-12-27,incorporada en octubre de 2022
8705.10.10,87,G2,2022-10-04,2023-12-27,incorporada en octubre de 2022
8706.00.20,87,G2,2022-10-04,2023-12-27,incorporada en octubre de 2022
8707.90.10,87,G2,2022-10-04,2023-12-27,incorporada en octubre de 2022
8708.29.11,87,G2,2022-10-04,2023-12-27,incorporada en octubre de 2022
8708.29.12,87,G2,2022-10-04,2023-12-27,incorporada en octubre de 2022
8708.29.13,87,G2,2022-10-04,2023-12-27,incorporada en octubre de 2022
8708.29.14,87,G2,2022-10-04,2023-12-27,incorporada en octubre de 2022
8708.29.19,87,G2,2022-10-04,2023-12-27,incorporada en octubre de 2022
8708.30.11,87,G2,2022-10-04,2023-12-27,incorporada en octubre de 2022
8708.40.11,87,G2,2022-10-04,2023-12-27,incorporada en octubre de 2022
8708.40.19,87,G2,2022-10-04,2023-12-27,incorporada en octubre de 2022
8708.50.11,87,G3,,,nunca alcanzada por el régimen
8708.50.12,87,G2,2022-10-04,2023-12-27,incorporada en octubre de 2022
8708.50.19,87,G2,2022-10-04,2023-12-27,incorporada en octubre de 2022
8708.50.91,87,G2,2022-10-04,2023-12-27,incorporada en octubre de 2022
8708.70.10,87,G2,2022-10-04,2023-12-27,incorporada en octubre de 2022
8708.94.11,87,G2,2022-10-04,2023-12-27,incorporada en octubre de 2022
8708.94.12,87,G2,2022-10-04,2023-12-27,incorporada en octubre de 2022
8708.94.13,87,G1,2022-08-25,2023-12-27,bajo licencia desde agosto de 2022
8709.11.00,87,G2,2022-10-04,2023-12-27,incorporada en octubre de 2022
8709.19.00,87,G1,2022-08-25,2023-12-27,bajo licencia desde agosto de 2022
8709.90.00,87,G2,2022-10-04,2023-12-27,incorporada en octubre de 2022
8716.20.00,87,G2,2022-10-04,2023-12-27,incorporada en octubre de 2022
8802.11.00,88,G2,2022-10-04,2023-12-27,incorporada en octubre de 2022
8802.12.10,88,G1,2022-08-25,2023-12-27,bajo licencia desde agosto de 2022
8802.12.90,88,G2,2022-10-04,2023-12-27,incorporada en octubre de 2022
8802.20.10,88,G1,2022-08-25,2023-12-27,bajo licencia desde agosto de 2022
8802.20.21,88,G2,2022-10-04,2023-12-27,incorporada en octubre de 2022
8802.20.22,88,G2,2022-10-04,2023-12-27,incorporada en octubre de 2022
8802.20.90,88,G2,2022-10-04,2023-12-27,incorporada en octubre de 2022
8802.30.10,88,G2,2022-10-04,2023-12-27,incorporada en octubre de 2022
8802.30.21,88,G2,2022-10-04,2023-12-27,incorporada en octubre de 2022
8802.30.29,88,G2,2022-10-04,2023-12-27,incorporada en octubre de 2022
8802.30.31,88,G2,2022-10-04,2023-12-27,incorporada en octubre de 2022
8802.30.39,88,G2,2022-10-04,2023-12-27,incorporada en octubre de 2022
8802.30.90,88,G2,2022-10-04,2023-12-27,incorporada en octubre de 2022
8802.40.10,88,G2,2022-10-04,2023-12-27,incorporada en octubre de 2022
8802.40.90,88,G2,2022-10-04,2023-12-27,incorporada en octubre de 2022
8802.60.00,88,G2,2022-10-04,2023-12-27,incorporada en octubre de 2022
8803.10.00,88,G2,2022-10-04,2023-12-27,incorporada en octubre de 2022
8803.20.00,88,G2,2022-10-04,2023-12-27,incorporada en octubre de 2022
8803.30.00,88,G2,2022-10-04,2023-12-27,incorporada en octubre de 2022
8803.90.00,88,G2,2022-10-04,2023-12-27,incorporada en octubre de 2022
8805.10.00,88,G2,2022-10-04,2023-12-27,incorporada en octubre de 2022
8805.21.00,88,G2,2022-10-04,2023-12-27,incorporada en octubre de 2022
8805.29.00,88,G2,2022-10-04,2023-12-27,incorporada en octubre de 2022
8901.10.00,89,G2,2022-10-04,2023-12-27,incorporada en octubre de 2022
8901.20.00,89,G2,2022-10-04,2023-12-27,incorporada en octubre de 2022
8901.30.00,89,G2,2022-10-04,2023-12-27,incorporada en octubre de 2022
8901.90.00,89,G2,2022-10-04,2023-12-27,incorporada en octubre de 2022
8902.00.10,89,G2,2022-10-04,2023-12-27,incorporada en octubre de 2022
8902.00.90,89,G2,2022-10-04,2023-12-27,incorporada en octubre de 2022
8904.00.00,89,G1,2022-08-25,2023-12-27,bajo licencia desde agosto de 2022
8905.10.00,89,G2,2022-10-04,2023-12-27,incorporada en octubre de 2022
8905.20.00,89,G2,2022-10-04,2023-12-27,incorporada en octubre de 2022
8905.90.00,89,G2,2022-10-04,2023-12-27,incorporada en octubre de 2022
8906.10.00,89,G2,2022-10-04,2023-12-27,incorporada en octubre de 2022
8906.90.00,89,G2,2022-10-04,2023-12-27,incorporada en octubre de 2022
8907.10.00,89,G2,2022-10-04,2023-12-27,incorporada en octubre de 2022
8907.90.00,89,G2,2022-10-04,2023-12-27,incorporada en octubre de 2022
9002.11.20,90,G2,2022-10-04,2023-12-27,incorporada en octubre de 2022
9005.80.00,90,G2,2022-10-04,2023-12-27,incorporada en octubre de 2022
9005.90.90,90,G2,2022-10-04,2023-12-27,incorporada en octubre de 2022
9006.30.00,90,G2,2022-10-04,2023-12-27,incorporada en octubre de 2022
9006.59.30,90,G2,2022-10-04,2023-12-27,incorporada en octubre de 2022
9007.10.00,90,G2,2022-10-04,2023-12-27,incorporada en octubre de 2022
9007.20.20,90,G2,2022-10-04,2023-12-27,incorporada en octubre de 2022
9007.20.90,90,G2,2022-10-04,2023-12-27,incorporada en octubre de 2022
9007.91.00,90,G2,2022-10-04,2023-12-27,incorporada en octubre de 2022
9007.92.00,90,G2,2022-10-04,2023-12-27,incorporada en octubre de 2022
9010.10.10,90,G2,2022-10-04,2023-12-27,incorporada en octubre de 2022
9010.10.20,90,G2,2022-10-04,2023-12-27,incorporada en octubre de 2022
9010.10.90,90,G2,2022-10-04,2023-12-27,incorporada en octubre de 2022
9010.50.10,90,G2,2022-10-04,2023-12-27,incorporada en octubre de 2022
9010.50.20,90,G2,2022-10-04,2023-12-27,incorporada en octubre de 2022
9010.90.10,90,G2,2022-10-04,2023-12-27,incorporada en octubre de 2022
9011.10.00,90,G2,2022-10-04,2023-12-27,incorporada en octubre de 2022
9011.20.10,90,G2,2022-10-04,2023-12-27,incorporada en octubre de 2022
9011.20.20,90,G2,2022-10-04,2023-12-27,incorporada en octubre de 2022
9011.20.30,90,G2,2022-10-04,2023-12-27,incorporada en octubre de 2022
9011.80.10,90,G2,2022-10-04,2023-12-27,incorporada en octubre de 2022
9011.80.90,90,G2,2022-10-04,2023-12-27,incorporada en octubre de 2022
9011.90.10,90,G2,2022-10-04,2023-12-27,incorporada en octubre de 2022
9011.90.90,90,G2,2022-10-04,2023-12-27,incorporada en octubre de 2022
9012.10.10,90,G2,2022-10-04,2023-12-27,incorporada en octubre de 2022
9012.10.90,90,G2,2022-10-04,2023-12-27,incorporada en octubre de 2022
9012.90.10,90,G2,2022-10-04,2023-12-27,incorporada en octubre de 2022
9012.90.90,90,G2,2022-10-04,2023-12-27,incorporada en octubre de 2022
9013.10.90,90,G2,2022-10-04,2023-12-27,incorporada en octubre de 2022
9013.20.00,90,G2,2022-10-04,2023-12-27,incorporada en octubre de 2022
9013.90.00,90,G2,2022-10-04,2023-12-27,incorporada en octubre de 2022
9014.10.00,90,G2,2022-10-04,2023-12-27,incorporada en octubre de 2022
9014.20.10,90,G2,2022-10-04,2023-12-27,incorporada en octubre de 2022
9014.20.20,90,G2,2022-10-04,2023-12-27,incorporada en octubre de 2022
9014.20.30,90,G2,2022-10-04,2023-12-27,incorporada en octubre de 2022
9014.20.90,90,G2,2022-10-04,2023-12-27,incorporada en octubre de 2022
9014.80.10,90,G2,2022-10-04,2023-12-27,incorporada en octubre de 2022
9014.80.90,90,G2,2022-10-04,2023-12-27,incorporada en octubre de 2022
9014.90.00,90,G2,2022-10-04,2023-12-27,incorporada en octubre de 2022
9015.10.00,90,G2,2022-10-04,2023-12-27,incorporada en octubre de 2022
9015.20.10,90,G2,2022-10-04,2023-12-27,incorporada en octubre de 2022
9015.20.90,90,G2,2022-10-04,2023-12-27,incorporada en octubre de 2022
9015.30.00,90,G2,2022-10-04,2023-12-27,incorporada en octubre de 2022
9015.40.00,90,G2,2022-10-04,2023-12-27,incorporada en octubre de 2022
9015.80.10,90,G2,2022-10-04,2023-12-27,incorporada en octubre de 2022
9015.80.90,90,G2,2022-10-04,2023-12-27,incorporada en octubre de 2022
9015.90.10,90,G2,2022-10-04,2023-12-27,incorporada en octubre de 2022
9015.90.90,90,G2,2022-10-04,2023-12-27,incorporada en octubre de 2022
9016.00.10,90,G2,2022-10-04,2023-12-27,incorporada en octubre de 2022
9016.00.90,90,G2,2022-10-04,2023-12-27,incorporada en octubre de 2022
9017.10.10,90,G2,2022-10-04,2023-12-27,incorporada en octubre de 2022
9017.90.10,90,G2,2022-10-04,2023-12-27,incorporada en octubre de 2022
9018.11.00,90,G3,,,nunca alcanzada por el régimen
9018.12.10,90,G3,,,nunca alcanzada por el régimen
9018.12.90,90,G3,,,nunca alcanzada por el régimen
9018.13.00,90,G3,,,nunca alcanzada por el régimen
9018.14.10,90,G3,,,nunca alcanzada por el régimen
9018.14.20,90,G3,,,nunca alcanzada por el régimen
9018.14.90,90,G3,,,nunca alcanzada por el régimen
9018.19.10,90,G3,,,nunca alcanzada por el régimen
9018.19.20,90,G3,,,nunca alcanzada por el régimen
9018.19.80,90,G3,,,nunca alcanzada por el régimen
9018.19.90,90,G3,,,nunca alcanzada por el régimen
9018.20.10,90,G3,,,nunca alcanzada por el régimen
9018.20.20,90,G3,,,nunca alcanzada por el régimen
9018.20.90,90,G3,,,nunca alcanzada por el régimen
9018.41.00,90,G3,,,nunca alcanzada por el régimen
9018.49.40,90,G3,,,nunca alcanzada por el régimen
9018.49.91,90,G3,,,nunca alcanzada por el régimen
9018.50.10,90,G3,,,nunca alcanzada por el régimen
9018.50.90,90,G3,,,nunca alcanzada por el régimen
9018.90.10,90,G3,,,nunca alcanzada por el régimen
9018.90.31,90,G3,,,nunca alcanzada por el régimen
9018.90.39,90,G3,,,nunca alcanzada por el régimen
9018.90.40,90,G3,,,nunca alcanzada por el régimen
9018.90.50,90,G3,,,nunca alcanzada por el régimen
9018.90.91,90,G3,,,nunca alcanzada por el régimen
9018.90.93,90,G3,,,nunca alcanzada por el régimen
9018.90.94,90,G3,,,nunca alcanzada por el régimen
9019.10.00,90,G3,,,nunca alcanzada por el régimen
9019.20.10,90,G3,,,nunca alcanzada por el régimen
9019.20.20,90,G3,,,nunca alcanzada por el régimen
9019.20.30,90,G3,,,nunca alcanzada por el régimen
9019.20.40,90,G3,,,nunca alcanzada por el régimen
9019.20.90,90,G3,,,nunca alcanzada por el régimen
9022.12.00,90,G3,,,nunca alcanzada por el régimen
9022.13.11,90,G3,,,nunca alcanzada por el régimen
9022.13.19,90,G3,,,nunca alcanzada por el régimen
9022.13.90,90,G3,,,nunca alcanzada por el régimen
9022.14.11,90,G3,,,nunca alcanzada por el régimen
9022.14.12,90,G3,,,nunca alcanzada por el régimen
9022.14.13,90,G3,,,nunca alcanzada por el régimen
9022.14.19,90,G3,,,nunca alcanzada por el régimen
9022.14.90,90,G3,,,nunca alcanzada por el régimen
9022.19.10,90,G3,,,nunca alcanzada por el régimen
9022.19.91,90,G3,,,nunca alcanzada por el régimen
9022.19.99,90,G3,,,nunca alcanzada por el régimen
9022.21.10,90,G3,,,nunca alcanzada por el régimen
9022.21.20,90,G3,,,nunca alcanzada por el régimen
9022.21.90,90,G3,,,nunca alcanzada por el régimen
9022.29.10,90,G3,,,nunca alcanzada por el régimen
9022.29.90,90,G3,,,nunca alcanzada por el régimen
9022.30.00,90,G3,,,nunca alcanzada por el régimen
9022.90.11,90,G3,,,nunca alcanzada por el régimen
9022.90.12,90,G3,,,nunca alcanzada por el régimen
9022.90.19,90,G3,,,nunca alcanzada por el régimen
9022.90.80,90,G3,,,nunca alcanzada por el régimen
9022.90.90,90,G3,,,nunca alcanzada por el régimen
9024.10.10,90,G2,2022-10-04,2023-12-27,incorporada en octubre de 2022
9024.10.20,90,G2,2022-10-04,2023-12-27,incorporada en octubre de 2022
9024.10.90,90,G2,2022-10-04,2023-12-27,incorporada en octubre de 2022
9024.80.11,90,G2,2022-10-04,2023-12-27,incorporada en octubre de 2022
9024.80.19,90,G2,2022-10-04,2023-12-27,incorporada en octubre de 2022
9024.80.21,90,G2,2022-10-04,2023-12-27,incorporada en octubre de 2022
9024.80.29,90,G2,2022-10-04,2023-12-27,incorporada en octubre de 2022
9024.80.90,90,G2,2022-10-04,2023-12-27,incorporada en octubre de 2022
9024.90.00,90,G2,2022-10-04,2023-12-27,incorporada en octubre de 2022
9027.10.00,90,G2,2022-10-04,2023-12-27,incorporada en octubre de 2022
9027.20.11,90,G2,2022-10-04,2023-12-27,incorporada en octubre de 2022
9027.20.12,90,G2,2022-10-04,2023-12-27,incorporada en octubre de 2022
9027.20.19,90,G2,2022-10-04,2023-12-27,incorporada en octubre de 2022
9027.20.21,90,G2,2022-10-04,2023-12-27,incorporada en octubre de 2022
9027.20.29,90,G2,2022-10-04,2023-12-27,incorporada en octubre de 2022
9027.30.11,90,G2,2022-10-04,2023-12-27,incorporada en octubre de 2022
9027.30.19,90,G2,2022-10-04,2023-12-27,incorporada en octubre de 2022
9027.30.20,90,G2,2022-10-04,2023-12-27,incorporada en octubre de 2022
9027.50.10,90,G2,2022-10-04,2023-12-27,incorporada en octubre de 2022
9027.50.20,90,G2,2022-10-04,2023-12-27,incorporada en octubre de 2022
9027.50.30,90,G2,2022-10-04,2023-12-27,incorporada en octubre de 2022
9027.50.40,90,G2,2022-10-04,2023-12-27,incorporada en octubre de 2022
9027.50.50,90,G2,2022-10-04,2023-12-27,incorporada en octubre de 2022
9027.50.90,90,G2,2022-10-04,2023-12-27,incorporada en octubre de 2022
9027.80.11,90,G2,2022-10-04,2023-12-27,incorporada en octubre de 2022
9027.80.12,90,G2,2022-10-04,2023-12-27,incorporada en octubre de 2022
9027.80.13,90,G2,2022-10-04,2023-12-27,incorporada en octubre de 2022
9027.80.14,90,G2,2022-10-04,2023-12-27,incorporada en octubre de 2022
9027.80.20,90,G2,2022-10-04,2023-12-27,incorporada en octubre de 2022
9027.80.30,90,G2,2022-10-04,2023-12-27,incorporada en octubre de 2022
9027.80.91,90,G2,2022-10-04,2023-12-27,incorporada en octubre de 2022
9027.80.99,90,G2,2022-10-04,2023-12-27,incorporada en octubre de 2022
9027.90.10,90,G2,2022-10-04,2023-12-27,incorporada en octubre de 2022
9027.90.91,90,G2,2022-10-04,2023-12-27,incorporada en octubre de 2022
9027.90.93,90,G2,2022-10-04,2023-12-27,incorporada en octubre de 2022
9027.90.99,90,G2,2022-10-04,2023-12-27,incorporada en octubre de 2022
9028.10.11,90,G2,2022-10-04,2023-12-27,incorporada en octubre de 2022
9028.10.19,90,G2,2022-10-04,2023-12-27,incorporada en octubre de 2022
9029.10.10,90,G2,2022-10-04,2023-12-27,incorporada en octubre de 2022
9030.10.10,90,G2,2022-10-04,2023-12-27,incorporada en octubre de 2022
9030.10.90,90,G2,2022-10-04,2023-12-27,incorporada en octubre de 2022
9030.20.30,90,G2,2022-10-04,2023-12-27,incorporada en octubre de 2022
9030.31.00,90,G2,2022-10-04,2023-12-27,incorporada en octubre de 2022
9030.32.00,90,G2,2022-10-04,2023-12-27,incorporada en octubre de 2022
9030.33.29,90,G2,2022-10-04,2023-12-27,incorporada en octubre de 2022
9030.33.90,90,G2,2022-10-04,2023-12-27,incorporada en octubre de 2022
9030.39.90,90,G2,2022-10-04,2023-12-27,incorporada en octubre de 2022
9030.84.90,90,G2,2022-10-04,2023-12-27,incorporada en octubre de 2022
9030.90.10,90,G2,2022-10-04,2023-12-27,incorporada en octubre de 2022
9031.10.00,90,G2,2022-10-04,2023-12-27,incorporada en octubre de 2022
9031.20.10,90,G2,2022-10-04,2023-12-27,incorporada en octubre de 2022
9031.20.90,90,G2,2022-10-04,2023-12-27,incorporada en octubre de 2022
9031.41.00,90,G2,2022-10-04,2023-12-27,incorporada en octubre de 2022
9031.49.10,90,G2,2022-10-04,2023-12-27,incorporada en octubre de 2022
9031.49.20,90,G2,2022-10-04,2023-12-27,incorporada en octubre de 2022
9031.49.90,90,G2,2022-10-04,2023-12-27,incorporada en octubre de 2022
9031.80.11,90,G2,2022-10-04,2023-12-27,incorporada en octubre de 2022
9031.80.12,90,G2,2022-10-04,2023-12-27,incorporada en octubre de 2022
9031.80.20,90,G2,2022-10-04,2023-12-27,incorporada en octubre de 2022
9031.80.30,90,G2,2022-10-04,2023-12-27,incorporada en octubre de 2022
9031.80.50,90,G2,2022-10-04,2023-12-27,incorporada en octubre de 2022
9031.80.60,90,G2,2022-10-04,2023-12-27,incorporada en octubre de 2022
9031.80.91,90,G2,2022-10-04,2023-12-27,incorporada en octubre de 2022
9031.80.99,90,G1,2022-08-25,2023-12-27,bajo licencia desde agosto de 2022
9031.90.10,90,G2,2022-10-04,2023-12-27,incorporada en octubre de 2022
9031.90.90,90,G2,2022-10-04,2023-12-27,incorporada en octubre de 2022
9032.89.84,90,G2,2022-10-04,2023-12-27,incorporada en octubre de 2022
